Selling Price,Seller Name,Fulfilled by,Payment,Availability,URL
AED 367.72,Twinsparkles LLC,Twinsparkles LLC,Secure transaction,,https://www.amazon.ae/dp/B00HNEJ0QQ
AED 156.18,Amazon US,Amazon US,Secure transaction,,https://www.amazon.ae/dp/B004WWZ3OU
,,,,Out of Stock,https://www.amazon.ae/dp/B001UTKBMC
,,,,Out of Stock,https://www.amazon.ae/dp/B07QQPC9LL
AED 38.97,Amazon US,Amazon US,Secure transaction,,https://www.amazon.ae/dp/B0057IKRNA
AED 57.16,Amazon US,Amazon US,Secure transaction,,https://www.amazon.ae/dp/B008TSVELO
AED 201.95,CANDER STORE,CANDER STORE,Secure transaction,,https://www.amazon.ae/dp/B086JCMLDR
AED 203.00,InfinitEKart,InfinitEKart,Secure transaction,,https://www.amazon.ae/dp/B01LWESGLP
,,,,Out of Stock,https://www.amazon.ae/dp/B00TFRHYYO
AED 292.00,RelianceBooks UAE,RelianceBooks UAE,Secure transaction,,https://www.amazon.ae/dp/B004XZ8JHE
AED 424.56,Lupinaks,Lupinaks,Secure transaction,,https://www.amazon.ae/dp/B07YCMZLFP
AED 223.66,JetSouq,JetSouq,Secure transaction,,https://www.amazon.ae/dp/B00AN89UPU
,,,,Out of Stock,https://www.amazon.ae/dp/B082Z8DP8Y
AED 199.00,Mydubuy Uae,myDuBuy UAE,,,https://www.amazon.ae/dp/B005OM2GMY
,,,,Out of Stock,https://www.amazon.ae/dp/B07LDHR1CT
,,,,Out of Stock,https://www.amazon.ae/dp/B08GLD37L6
AED 118.95,QHALEN,QHALEN,Secure transaction,,https://www.amazon.ae/dp/B07SH7T7LX
,,,,Out of Stock,https://www.amazon.ae/dp/B01BRKA2GS
,,,,Out of Stock,https://www.amazon.ae/dp/B06Y4DRTFJ
,,,,Out of Stock,https://www.amazon.ae/dp/B07MFF4YK2
AED 45.25,Amazon US,Amazon US,Secure transaction,,https://www.amazon.ae/dp/B0719LK6W5
,,,,Out of Stock,https://www.amazon.ae/dp/B07BHZWSCQ
AED 987.77,Amazon US,Amazon US,Secure transaction,,https://www.amazon.ae/dp/B085FTK7G6
,,,,Out of Stock,https://www.amazon.ae/dp/B0057IL72U
AED 165.70,Amazon US,Amazon US,Secure transaction,,https://www.amazon.ae/dp/B013TCSPI4
AED 408.00,Hierro Global,Hierro Global,Secure transaction,,https://www.amazon.ae/dp/B072DY5GDG
AED 80.71,Amazon US,Amazon US,Secure transaction,,https://www.amazon.ae/dp/B00TD5ZK94
AED 283.88,ILKE STORE,ILKE STORE,Secure transaction,,https://www.amazon.ae/dp/B0089RA0HY
AED 101.29,Amazon US,Amazon US,Secure transaction,,https://www.amazon.ae/dp/B097S9JPWY
AED 119.72,Amazon US,Amazon US,Secure transaction,,https://www.amazon.ae/dp/B097BSCDGG
,,,,Out of Stock,https://www.amazon.ae/dp/B07VCJ5866
,,,,Out of Stock,https://www.amazon.ae/dp/B00U066L02
,,,,Out of Stock,https://www.amazon.ae/dp/B078SKLD63
,,,,Out of Stock,https://www.amazon.ae/dp/B07D9YMHZ7
,,,,Out of Stock,https://www.amazon.ae/dp/B010B3A762
,,,,Out of Stock,https://www.amazon.ae/dp/B005IFWPAK
,,,,Out of Stock,https://www.amazon.ae/dp/B092PNKJYP
AED 338.00,Hierro Global,Hierro Global,Secure transaction,,https://www.amazon.ae/dp/B000S36BJS
