Date,Building Number,Project Name,Address,Status,Url
12/29/2006,2006-014612,SINGLE FAMILY STICK BUILT,"2520 MURDOCK RD, MARIETTA GA",Complete,https://cobbca.cobbcounty.org/CitizenAccess/Cap/CapDetail.aspx?Module=Building&TabName=Building&capID1=08BHM&capID2=00000&capID3=00068&agencyCode=COBBCO&IsToShowInspection=
12/29/2006,2006-014616,RENOVATION,"2900 DELK RD EXT, 1450, GA",Complete,https://cobbca.cobbcounty.org/CitizenAccess/Cap/CapDetail.aspx?Module=Building&TabName=Building&capID1=07BLD&capID2=00000&capID3=03731&agencyCode=COBBCO&IsToShowInspection=
12/29/2006,2006-014614,RENOVATGION,"2355 CUMBERLAND PKY, 10, ATLANTA GA",Complete,https://cobbca.cobbcounty.org/CitizenAccess/Cap/CapDetail.aspx?Module=Building&TabName=Building&capID1=07BLD&capID2=00000&capID3=03714&agencyCode=COBBCO&IsToShowInspection=
12/29/2006,2006-014607,RENOVATION,"280 INTERSTATE NORTH, 200, GA",Complete,https://cobbca.cobbcounty.org/CitizenAccess/Cap/CapDetail.aspx?Module=Building&TabName=Building&capID1=07BLD&capID2=00000&capID3=03691&agencyCode=COBBCO&IsToShowInspection=
12/29/2006,2006-014603,ELECTRIC,"4903 DUE WEST RD, KENNESAW GA",Complete,https://cobbca.cobbcounty.org/CitizenAccess/Cap/CapDetail.aspx?Module=Building&TabName=Building&capID1=07BHM&capID2=00000&capID3=00714&agencyCode=COBBCO&IsToShowInspection=
12/29/2006,2006-014624,SINGLE FAMILY STICK BUILT,"1465 WHITE ROSE CT, KENNESAW GA",Complete,https://cobbca.cobbcounty.org/CitizenAccess/Cap/CapDetail.aspx?Module=Building&TabName=Building&capID1=07BHM&capID2=00000&capID3=00713&agencyCode=COBBCO&IsToShowInspection=
12/29/2006,2006-014613,STORAGE BLDG,"3241 HICKORY CREST DR, MARIETTA GA",Complete,https://cobbca.cobbcounty.org/CitizenAccess/Cap/CapDetail.aspx?Module=Building&TabName=Building&capID1=07BHM&capID2=00000&capID3=00655&agencyCode=COBBCO&IsToShowInspection=
12/29/2006,2006-014628,SINGLE FAMILY STICK BUILT,"160 PALMER OAKS LN, MARIETTA GA",Complete,https://cobbca.cobbcounty.org/CitizenAccess/Cap/CapDetail.aspx?Module=Building&TabName=Building&capID1=07BHM&capID2=00000&capID3=00654&agencyCode=COBBCO&IsToShowInspection=
12/29/2006,2006-014627,BASEMENT,"2932 PERRINGTON CT, 22H, MARIETTA GA",Complete,https://cobbca.cobbcounty.org/CitizenAccess/Cap/CapDetail.aspx?Module=Building&TabName=Building&capID1=07BHM&capID2=00000&capID3=00653&agencyCode=COBBCO&IsToShowInspection=
12/29/2006,2006-014626,BASEMENT,"4831 RIVER FARM RD, MARIETTA GA",Complete,https://cobbca.cobbcounty.org/CitizenAccess/Cap/CapDetail.aspx?Module=Building&TabName=Building&capID1=07BHM&capID2=00000&capID3=00652&agencyCode=COBBCO&IsToShowInspection=
12/29/2006,2006-014630,SUNROOM,"2057 MULKEY RD, MARIETTA GA",Complete,https://cobbca.cobbcounty.org/CitizenAccess/Cap/CapDetail.aspx?Module=Building&TabName=Building&capID1=07BHM&capID2=00000&capID3=00651&agencyCode=COBBCO&IsToShowInspection=
12/29/2006,2006-014615,REPERMIT FROM 0610305RB,"4816 OVERLAND DR, POWDER SPRING GA",VOID,https://cobbca.cobbcounty.org/CitizenAccess/Cap/CapDetail.aspx?Module=Building&TabName=Building&capID1=06HST&capID2=00000&capID3=14973&agencyCode=COBBCO&IsToShowInspection=
12/29/2006,2006-014629,BASEMENT,"2145 WOLBERT TRL, MARIETTA GA",VOID,https://cobbca.cobbcounty.org/CitizenAccess/Cap/CapDetail.aspx?Module=Building&TabName=Building&capID1=06HST&capID2=00000&capID3=14972&agencyCode=COBBCO&IsToShowInspection=
12/29/2006,2006-014625,BASEMENT,"4174 NE SUMMIT WAY, 26C, MARIETTA GA",VOID,https://cobbca.cobbcounty.org/CitizenAccess/Cap/CapDetail.aspx?Module=Building&TabName=Building&capID1=06HST&capID2=00000&capID3=14971&agencyCode=COBBCO&IsToShowInspection=
12/29/2006,2006-014623,BANNER,"2140 BANKHEAD HWY, GA",Expired,https://cobbca.cobbcounty.org/CitizenAccess/Cap/CapDetail.aspx?Module=Building&TabName=Building&capID1=06HST&capID2=00000&capID3=14969&agencyCode=COBBCO&IsToShowInspection=
12/29/2006,2006-014622,FREESTANDING,"3417 CANTON RD BLDG 3, MARIETTA GA",Expired,https://cobbca.cobbcounty.org/CitizenAccess/Cap/CapDetail.aspx?Module=Building&TabName=Building&capID1=06HST&capID2=00000&capID3=14968&agencyCode=COBBCO&IsToShowInspection=
12/29/2006,2006-014621,WALL SIGN,"5500 SOUTH COBB DR, 1 & 2, SMYRNA GA",Expired,https://cobbca.cobbcounty.org/CitizenAccess/Cap/CapDetail.aspx?Module=Building&TabName=Building&capID1=06HST&capID2=00000&capID3=14967&agencyCode=COBBCO&IsToShowInspection=
12/29/2006,2006-014620,WALL SIGN,"2359 WINDY HILL RD, MARIETTA GA",Expired,https://cobbca.cobbcounty.org/CitizenAccess/Cap/CapDetail.aspx?Module=Building&TabName=Building&capID1=06HST&capID2=00000&capID3=14966&agencyCode=COBBCO&IsToShowInspection=
12/29/2006,2006-014619,WALL SIGN,"4880 LOWER ROSWELL RD, 620, MARIETTA GA",Expired,https://cobbca.cobbcounty.org/CitizenAccess/Cap/CapDetail.aspx?Module=Building&TabName=Building&capID1=06HST&capID2=00000&capID3=14965&agencyCode=COBBCO&IsToShowInspection=
12/29/2006,2006-014618,SPDS,"4560 BELLS FERRY RD, KENNESAW GA",Expired,https://cobbca.cobbcounty.org/CitizenAccess/Cap/CapDetail.aspx?Module=Building&TabName=Building&capID1=06HST&capID2=00000&capID3=14964&agencyCode=COBBCO&IsToShowInspection=
12/29/2006,2006-014617,FREESTANDING,"4120 CANTON RD, MARIETTA GA",Expired,https://cobbca.cobbcounty.org/CitizenAccess/Cap/CapDetail.aspx?Module=Building&TabName=Building&capID1=06HST&capID2=00000&capID3=14963&agencyCode=COBBCO&IsToShowInspection=
12/29/2006,2006-014611,HEAT,"4013 CRIPPLE CREEK DR, KENNESAW GA",Expired,https://cobbca.cobbcounty.org/CitizenAccess/Cap/CapDetail.aspx?Module=Building&TabName=Building&capID1=06HST&capID2=00000&capID3=14962&agencyCode=COBBCO&IsToShowInspection=
12/29/2006,2006-014610,HEAT,"4303 GRAND OAKS DR, ACWORTH GA",Expired,https://cobbca.cobbcounty.org/CitizenAccess/Cap/CapDetail.aspx?Module=Building&TabName=Building&capID1=06HST&capID2=00000&capID3=14961&agencyCode=COBBCO&IsToShowInspection=
12/29/2006,2006-014609,HEAT,"1931 COOPER LANDING DR, SMYRNA GA",Expired,https://cobbca.cobbcounty.org/CitizenAccess/Cap/CapDetail.aspx?Module=Building&TabName=Building&capID1=06HST&capID2=00000&capID3=14960&agencyCode=COBBCO&IsToShowInspection=
12/29/2006,2006-014608,HEAT,"1199 ROCKCREST DR, MARIETTA GA",Expired,https://cobbca.cobbcounty.org/CitizenAccess/Cap/CapDetail.aspx?Module=Building&TabName=Building&capID1=06HST&capID2=00000&capID3=14959&agencyCode=COBBCO&IsToShowInspection=
12/29/2006,2006-014606,HEAT,"1945 CONVERSE DR, MARIETTA GA",Cancelled,https://cobbca.cobbcounty.org/CitizenAccess/Cap/CapDetail.aspx?Module=Building&TabName=Building&capID1=06HST&capID2=00000&capID3=14958&agencyCode=COBBCO&IsToShowInspection=
12/29/2006,2006-014605,ELECTRIC,"0 CANTON RD, MARIETTA GA",Complete,https://cobbca.cobbcounty.org/CitizenAccess/Cap/CapDetail.aspx?Module=Building&TabName=Building&capID1=06HST&capID2=00000&capID3=14957&agencyCode=COBBCO&IsToShowInspection=
12/29/2006,2006-014604,ADDITION,"3637 KELSEY CHASE CT, MARIETTA GA",VOID,https://cobbca.cobbcounty.org/CitizenAccess/Cap/CapDetail.aspx?Module=Building&TabName=Building&capID1=06HST&capID2=00000&capID3=14956&agencyCode=COBBCO&IsToShowInspection=
12/28/2006,2006-014587,ASSEMBLY,"2480 MACLAND RD, MARIETTA GA",Complete,https://cobbca.cobbcounty.org/CitizenAccess/Cap/CapDetail.aspx?Module=Building&TabName=Building&capID1=07BLD&capID2=00000&capID3=03715&agencyCode=COBBCO&IsToShowInspection=
12/28/2006,2006-014573,DEMO,"2143 AUSTELL RD, GA",Complete,https://cobbca.cobbcounty.org/CitizenAccess/Cap/CapDetail.aspx?Module=Building&TabName=Building&capID1=07BLD&capID2=00000&capID3=03690&agencyCode=COBBCO&IsToShowInspection=
12/28/2006,2006-014575,BUSINESS,"2675 PACES FERRY RD, 215, ATLANTA GA",Complete,https://cobbca.cobbcounty.org/CitizenAccess/Cap/CapDetail.aspx?Module=Building&TabName=Building&capID1=07BLD&capID2=00000&capID3=03689&agencyCode=COBBCO&IsToShowInspection=
12/28/2006,2006-014571,BUSINESS,"2727 PACES FERRY RD, 370, ATLANTA GA",Complete,https://cobbca.cobbcounty.org/CitizenAccess/Cap/CapDetail.aspx?Module=Building&TabName=Building&capID1=07BLD&capID2=00000&capID3=03688&agencyCode=COBBCO&IsToShowInspection=
12/28/2006,2006-014542,RENOVATION,"5500 SOUTH COBB DR, 3, GA",Complete,https://cobbca.cobbcounty.org/CitizenAccess/Cap/CapDetail.aspx?Module=Building&TabName=Building&capID1=07BLD&capID2=00000&capID3=03683&agencyCode=COBBCO&IsToShowInspection=
12/28/2006,2006-014560,SINGLE FAMILY STICK BUILT,"1980 BRAYTON CT, MARIETTA GA",Complete,https://cobbca.cobbcounty.org/CitizenAccess/Cap/CapDetail.aspx?Module=Building&TabName=Building&capID1=07BHM&capID2=00000&capID3=00722&agencyCode=COBBCO&IsToShowInspection=
12/28/2006,2006-014559,SINGLE FAMILY STICK BUILT,"1970 BRAYTON CT, MARIETTA GA",Complete,https://cobbca.cobbcounty.org/CitizenAccess/Cap/CapDetail.aspx?Module=Building&TabName=Building&capID1=07BHM&capID2=00000&capID3=00721&agencyCode=COBBCO&IsToShowInspection=
12/28/2006,2006-014563,SINGLE FAMILY STICK BUILT,"170 HOLLINGER WAY, MARIETTA GA",Complete,https://cobbca.cobbcounty.org/CitizenAccess/Cap/CapDetail.aspx?Module=Building&TabName=Building&capID1=07BHM&capID2=00000&capID3=00720&agencyCode=COBBCO&IsToShowInspection=
12/28/2006,2006-014562,REPERMIT,"279 EAST VALLEY DR, MARIETTA GA",Complete,https://cobbca.cobbcounty.org/CitizenAccess/Cap/CapDetail.aspx?Module=Building&TabName=Building&capID1=07BHM&capID2=00000&capID3=00719&agencyCode=COBBCO&IsToShowInspection=
12/28/2006,2006-014565,SINGLE FAMILY STICK BUILT,"180 HOLLINGER WAY, MARIETTA GA",Complete,https://cobbca.cobbcounty.org/CitizenAccess/Cap/CapDetail.aspx?Module=Building&TabName=Building&capID1=07BHM&capID2=00000&capID3=00718&agencyCode=COBBCO&IsToShowInspection=
12/28/2006,2006-014570,REPERMIT FROM 0608478RB,"4506 FOX CREEK DR, MARIETTA GA",Complete,https://cobbca.cobbcounty.org/CitizenAccess/Cap/CapDetail.aspx?Module=Building&TabName=Building&capID1=07BHM&capID2=00000&capID3=00717&agencyCode=COBBCO&IsToShowInspection=
12/28/2006,2006-014585,SINGLE FAMILY CLUSTER,"4553 GATEWAY CT, SMYRNA GA",Complete,https://cobbca.cobbcounty.org/CitizenAccess/Cap/CapDetail.aspx?Module=Building&TabName=Building&capID1=07BHM&capID2=00000&capID3=00716&agencyCode=COBBCO&IsToShowInspection=
12/28/2006,2006-014595,SINGLE FAMILY STICK BUILT,"4531 WORTHINGS DR, POWDER SPRINGS GA",Complete,https://cobbca.cobbcounty.org/CitizenAccess/Cap/CapDetail.aspx?Module=Building&TabName=Building&capID1=07BHM&capID2=00000&capID3=00715&agencyCode=COBBCO&IsToShowInspection=
12/28/2006,2006-014588,ELECTRICAL,"3060 GREENWOOD TRL, MARIETTA GA",Complete,https://cobbca.cobbcounty.org/CitizenAccess/Cap/CapDetail.aspx?Module=Building&TabName=Building&capID1=07BHM&capID2=00000&capID3=00695&agencyCode=COBBCO&IsToShowInspection=
12/28/2006,2006-014586,repermit from 0603964RB,"4756 TOWNSHIP CHASE, MARIETTA GA",VOID,https://cobbca.cobbcounty.org/CitizenAccess/Cap/CapDetail.aspx?Module=Building&TabName=Building&capID1=06HST&capID2=00000&capID3=14970&agencyCode=COBBCO&IsToShowInspection=
12/28/2006,2006-014602,PORCH ENCLOSER,"82 GATEWOOD DR, GA",Complete,https://cobbca.cobbcounty.org/CitizenAccess/Cap/CapDetail.aspx?Module=Building&TabName=Building&capID1=06HST&capID2=00000&capID3=14955&agencyCode=COBBCO&IsToShowInspection=
12/28/2006,2006-014601,HEAT,"2140 MEADOWIND LN, MARIETTA GA",Expired,https://cobbca.cobbcounty.org/CitizenAccess/Cap/CapDetail.aspx?Module=Building&TabName=Building&capID1=06HST&capID2=00000&capID3=14954&agencyCode=COBBCO&IsToShowInspection=
12/28/2006,2006-014600,HEAT,"4816 WOODSPRING DR, MARIETTA GA",Expired,https://cobbca.cobbcounty.org/CitizenAccess/Cap/CapDetail.aspx?Module=Building&TabName=Building&capID1=06HST&capID2=00000&capID3=14953&agencyCode=COBBCO&IsToShowInspection=
12/28/2006,2006-014599,HEAT,"4998 RIDGEMORE CT, ACWORTH GA",Expired,https://cobbca.cobbcounty.org/CitizenAccess/Cap/CapDetail.aspx?Module=Building&TabName=Building&capID1=06HST&capID2=00000&capID3=14952&agencyCode=COBBCO&IsToShowInspection=
12/28/2006,2006-014598,WALL SIGN,"4250 ROSWELL, GA",Expired,https://cobbca.cobbcounty.org/CitizenAccess/Cap/CapDetail.aspx?Module=Building&TabName=Building&capID1=06HST&capID2=00000&capID3=14951&agencyCode=COBBCO&IsToShowInspection=
12/28/2006,2006-014597,STORAGE BUILDING,"6200 DUE WEST RD, KENN GA",VOID,https://cobbca.cobbcounty.org/CitizenAccess/Cap/CapDetail.aspx?Module=Building&TabName=Building&capID1=06HST&capID2=00000&capID3=14950&agencyCode=COBBCO&IsToShowInspection=
12/28/2006,2006-014596,PORCH,"341 CASTEEL RD, MARIETTA GA",Expired,https://cobbca.cobbcounty.org/CitizenAccess/Cap/CapDetail.aspx?Module=Building&TabName=Building&capID1=06HST&capID2=00000&capID3=14949&agencyCode=COBBCO&IsToShowInspection=
12/28/2006,2006-014594,HEAT,"2424 BROOKVINE LN, MARIETTA GA",Expired,https://cobbca.cobbcounty.org/CitizenAccess/Cap/CapDetail.aspx?Module=Building&TabName=Building&capID1=06HST&capID2=00000&capID3=14948&agencyCode=COBBCO&IsToShowInspection=
12/28/2006,2006-014593,HEAT,"3014 ASHTON PL, MARIETTA GA",Expired,https://cobbca.cobbcounty.org/CitizenAccess/Cap/CapDetail.aspx?Module=Building&TabName=Building&capID1=06HST&capID2=00000&capID3=14947&agencyCode=COBBCO&IsToShowInspection=
12/28/2006,2006-014592,HEAT,"4403 WINDCHIME WAY, KENNESAW GA",Expired,https://cobbca.cobbcounty.org/CitizenAccess/Cap/CapDetail.aspx?Module=Building&TabName=Building&capID1=06HST&capID2=00000&capID3=14946&agencyCode=COBBCO&IsToShowInspection=
12/28/2006,2006-014591,REPERMIT,"3101 ROBINSON RD, 19-B, MARIETTA GA",VOID,https://cobbca.cobbcounty.org/CitizenAccess/Cap/CapDetail.aspx?Module=Building&TabName=Building&capID1=06HST&capID2=00000&capID3=14945&agencyCode=COBBCO&IsToShowInspection=
12/28/2006,2006-014590,REPERMIT,"3091 ROBINSON RD, 19-A, MARIETTA GA",VOID,https://cobbca.cobbcounty.org/CitizenAccess/Cap/CapDetail.aspx?Module=Building&TabName=Building&capID1=06HST&capID2=00000&capID3=14944&agencyCode=COBBCO&IsToShowInspection=
12/28/2006,2006-014589,HEAT,"2514 REGENCY LAKE DR, MARIETTA GA",Expired,https://cobbca.cobbcounty.org/CitizenAccess/Cap/CapDetail.aspx?Module=Building&TabName=Building&capID1=06HST&capID2=00000&capID3=14943&agencyCode=COBBCO&IsToShowInspection=
12/28/2006,2006-014574,WATER HEATER,"301 ARMOR CIR, POWDER SPRINGS GA",Expired,https://cobbca.cobbcounty.org/CitizenAccess/Cap/CapDetail.aspx?Module=Building&TabName=Building&capID1=06HST&capID2=00000&capID3=14942&agencyCode=COBBCO&IsToShowInspection=
12/28/2006,2006-014572,WATER HEATER,"5805 MILLERS POND LN, POWDER SPRINGS GA",Expired,https://cobbca.cobbcounty.org/CitizenAccess/Cap/CapDetail.aspx?Module=Building&TabName=Building&capID1=06HST&capID2=00000&capID3=14941&agencyCode=COBBCO&IsToShowInspection=
12/28/2006,2006-014584,WATER HEATER,"1944 HUNTERS BEND CT, MARIETTA GA",Expired,https://cobbca.cobbcounty.org/CitizenAccess/Cap/CapDetail.aspx?Module=Building&TabName=Building&capID1=06HST&capID2=00000&capID3=14940&agencyCode=COBBCO&IsToShowInspection=
12/28/2006,2006-014583,WATER HEATER,"4255 CREEK HAVEN DR, MARIETTA GA",Expired,https://cobbca.cobbcounty.org/CitizenAccess/Cap/CapDetail.aspx?Module=Building&TabName=Building&capID1=06HST&capID2=00000&capID3=14939&agencyCode=COBBCO&IsToShowInspection=
12/28/2006,2006-014582,WATER HEATER,"5010 NIAGARA DR, ACWORTH GA",Expired,https://cobbca.cobbcounty.org/CitizenAccess/Cap/CapDetail.aspx?Module=Building&TabName=Building&capID1=06HST&capID2=00000&capID3=14938&agencyCode=COBBCO&IsToShowInspection=
12/28/2006,2006-014581,HEAT,"4500 N SLOPE CIR, MARIETTA GA",Expired,https://cobbca.cobbcounty.org/CitizenAccess/Cap/CapDetail.aspx?Module=Building&TabName=Building&capID1=06HST&capID2=00000&capID3=14937&agencyCode=COBBCO&IsToShowInspection=
12/28/2006,2006-014580,HEAT,"3890 NEMOURS WALK, KENNESAW GA",Expired,https://cobbca.cobbcounty.org/CitizenAccess/Cap/CapDetail.aspx?Module=Building&TabName=Building&capID1=06HST&capID2=00000&capID3=14936&agencyCode=COBBCO&IsToShowInspection=
12/28/2006,2006-014579,HEAT,"1884 MURDOCK RD, MARIETTA GA",Expired,https://cobbca.cobbcounty.org/CitizenAccess/Cap/CapDetail.aspx?Module=Building&TabName=Building&capID1=06HST&capID2=00000&capID3=14935&agencyCode=COBBCO&IsToShowInspection=
12/28/2006,2006-014578,HEAT,"3727 STONEWALL DR, ATLANTA GA",Expired,https://cobbca.cobbcounty.org/CitizenAccess/Cap/CapDetail.aspx?Module=Building&TabName=Building&capID1=06HST&capID2=00000&capID3=14934&agencyCode=COBBCO&IsToShowInspection=
12/28/2006,2006-014577,RENOVATION,"195 CHASTAIN MEADOWS CT, 110, GA",Expired,https://cobbca.cobbcounty.org/CitizenAccess/Cap/CapDetail.aspx?Module=Building&TabName=Building&capID1=06HST&capID2=00000&capID3=14933&agencyCode=COBBCO&IsToShowInspection=
12/28/2006,2006-014576,WATER HEATER,"2385 WILLEO RD, MARIETTA GA",Expired,https://cobbca.cobbcounty.org/CitizenAccess/Cap/CapDetail.aspx?Module=Building&TabName=Building&capID1=06HST&capID2=00000&capID3=14932&agencyCode=COBBCO&IsToShowInspection=
12/28/2006,2006-014569,HEAT,"5552 FALLSBROOK TRCE, ACWORTH GA",Expired,https://cobbca.cobbcounty.org/CitizenAccess/Cap/CapDetail.aspx?Module=Building&TabName=Building&capID1=06HST&capID2=00000&capID3=14931&agencyCode=COBBCO&IsToShowInspection=
12/28/2006,2006-014568,HEAT,"3301 CRANMORE CHASE, MARIETTA GA",Cancelled,https://cobbca.cobbcounty.org/CitizenAccess/Cap/CapDetail.aspx?Module=Building&TabName=Building&capID1=06HST&capID2=00000&capID3=14930&agencyCode=COBBCO&IsToShowInspection=
12/28/2006,2006-014567,WATER HEATER,"976 FOREST POND CIR, MARIETTA GA",Expired,https://cobbca.cobbcounty.org/CitizenAccess/Cap/CapDetail.aspx?Module=Building&TabName=Building&capID1=06HST&capID2=00000&capID3=14929&agencyCode=COBBCO&IsToShowInspection=
12/28/2006,2006-014566,WATER HEATER,"2321 CARRINGTON WAY, MARIETTA GA",Expired,https://cobbca.cobbcounty.org/CitizenAccess/Cap/CapDetail.aspx?Module=Building&TabName=Building&capID1=06HST&capID2=00000&capID3=14928&agencyCode=COBBCO&IsToShowInspection=
12/28/2006,2006-014564,WATER HEATER,"2328 MILSTEAD CIR, MARIETTA GA",Expired,https://cobbca.cobbcounty.org/CitizenAccess/Cap/CapDetail.aspx?Module=Building&TabName=Building&capID1=06HST&capID2=00000&capID3=14927&agencyCode=COBBCO&IsToShowInspection=
12/28/2006,2006-014561,WATER HEATER,"1306 MARIETTA COUNTRY CLUB DR, KENNESAW GA",Expired,https://cobbca.cobbcounty.org/CitizenAccess/Cap/CapDetail.aspx?Module=Building&TabName=Building&capID1=06HST&capID2=00000&capID3=14926&agencyCode=COBBCO&IsToShowInspection=
12/28/2006,2006-014558,HEAT,"43 LAKESHORE DR, MARIETTA GA",Expired,https://cobbca.cobbcounty.org/CitizenAccess/Cap/CapDetail.aspx?Module=Building&TabName=Building&capID1=06HST&capID2=00000&capID3=14925&agencyCode=COBBCO&IsToShowInspection=
12/28/2006,2006-014557,HEAT,"3534 MEADOW CHASE DR, MARIETTA GA",Expired,https://cobbca.cobbcounty.org/CitizenAccess/Cap/CapDetail.aspx?Module=Building&TabName=Building&capID1=06HST&capID2=00000&capID3=14924&agencyCode=COBBCO&IsToShowInspection=
12/28/2006,2006-014556,HEAT,"4844 TREVOR CT, MARIETTA GA",Expired,https://cobbca.cobbcounty.org/CitizenAccess/Cap/CapDetail.aspx?Module=Building&TabName=Building&capID1=06HST&capID2=00000&capID3=14923&agencyCode=COBBCO&IsToShowInspection=
12/28/2006,2006-014555,RENOVATIONS,"3639 CHILDERS WAY, ROSWELL GA",Expired,https://cobbca.cobbcounty.org/CitizenAccess/Cap/CapDetail.aspx?Module=Building&TabName=Building&capID1=06HST&capID2=00000&capID3=14922&agencyCode=COBBCO&IsToShowInspection=
12/28/2006,2006-014554,HEAT,"4454 WATERBURG LN, MARIETTA GA",Expired,https://cobbca.cobbcounty.org/CitizenAccess/Cap/CapDetail.aspx?Module=Building&TabName=Building&capID1=06HST&capID2=00000&capID3=14921&agencyCode=COBBCO&IsToShowInspection=
12/28/2006,2006-014553,HEAT,"4231 HIGHBORNE DR, MARIETTA GA",Expired,https://cobbca.cobbcounty.org/CitizenAccess/Cap/CapDetail.aspx?Module=Building&TabName=Building&capID1=06HST&capID2=00000&capID3=14920&agencyCode=COBBCO&IsToShowInspection=
12/28/2006,2006-014552,HEAT,"1540 BROOKSHIRE DR, ACWORTH GA",Expired,https://cobbca.cobbcounty.org/CitizenAccess/Cap/CapDetail.aspx?Module=Building&TabName=Building&capID1=06HST&capID2=00000&capID3=14919&agencyCode=COBBCO&IsToShowInspection=
12/28/2006,2006-014551,HEAT,"1802 BALDWIN FARMS DR, MARIETTA GA",Expired,https://cobbca.cobbcounty.org/CitizenAccess/Cap/CapDetail.aspx?Module=Building&TabName=Building&capID1=06HST&capID2=00000&capID3=14918&agencyCode=COBBCO&IsToShowInspection=
12/28/2006,2006-014550,WATER HEATER,"4900 SURREY DR, ROSWELL GA",Expired,https://cobbca.cobbcounty.org/CitizenAccess/Cap/CapDetail.aspx?Module=Building&TabName=Building&capID1=06HST&capID2=00000&capID3=14917&agencyCode=COBBCO&IsToShowInspection=
12/28/2006,2006-014549,WATER HEATER,"3495 SHERIDAN CHASE, MARIETTA GA",Expired,https://cobbca.cobbcounty.org/CitizenAccess/Cap/CapDetail.aspx?Module=Building&TabName=Building&capID1=06HST&capID2=00000&capID3=14916&agencyCode=COBBCO&IsToShowInspection=
12/28/2006,2006-014548,WATER HEATER,"5246 PIKES PEAK CT, MARIETTA GA",Expired,https://cobbca.cobbcounty.org/CitizenAccess/Cap/CapDetail.aspx?Module=Building&TabName=Building&capID1=06HST&capID2=00000&capID3=14915&agencyCode=COBBCO&IsToShowInspection=
12/28/2006,2006-014547,WATER HEATER,"514 MILLEDGE GATE DR, MARIETTA GA",Expired,https://cobbca.cobbcounty.org/CitizenAccess/Cap/CapDetail.aspx?Module=Building&TabName=Building&capID1=06HST&capID2=00000&capID3=14914&agencyCode=COBBCO&IsToShowInspection=
12/28/2006,2006-014546,WATER HEATER,"1379 DELLINGER CT, MARIETTA GA",Expired,https://cobbca.cobbcounty.org/CitizenAccess/Cap/CapDetail.aspx?Module=Building&TabName=Building&capID1=06HST&capID2=00000&capID3=14913&agencyCode=COBBCO&IsToShowInspection=
12/28/2006,2006-014545,WATER HEATER,"3464 BRANDON HALL WAY, MARIETTA GA",Expired,https://cobbca.cobbcounty.org/CitizenAccess/Cap/CapDetail.aspx?Module=Building&TabName=Building&capID1=06HST&capID2=00000&capID3=14912&agencyCode=COBBCO&IsToShowInspection=
12/28/2006,2006-014544,WATER HEATER,"4165 WESTCHESTER XING, ROSWELL GA",Expired,https://cobbca.cobbcounty.org/CitizenAccess/Cap/CapDetail.aspx?Module=Building&TabName=Building&capID1=06HST&capID2=00000&capID3=14911&agencyCode=COBBCO&IsToShowInspection=
12/28/2006,2006-014543,SEWER,"163 ROCK GARDEN TER, MARIETTA GA",Expired,https://cobbca.cobbcounty.org/CitizenAccess/Cap/CapDetail.aspx?Module=Building&TabName=Building&capID1=06HST&capID2=00000&capID3=14910&agencyCode=COBBCO&IsToShowInspection=
12/27/2006,2006-014534,BUSINESS,"2800 OVERLOOK PKY, 500, ATLANTA GA",Complete,https://cobbca.cobbcounty.org/CitizenAccess/Cap/CapDetail.aspx?Module=Building&TabName=Building&capID1=07BLD&capID2=00000&capID3=03687&agencyCode=COBBCO&IsToShowInspection=
12/27/2006,2006-014533,BUSINESS,"2800 OVERLOOK PKY, 400, ATLANTA GA",Complete,https://cobbca.cobbcounty.org/CitizenAccess/Cap/CapDetail.aspx?Module=Building&TabName=Building&capID1=07BLD&capID2=00000&capID3=03686&agencyCode=COBBCO&IsToShowInspection=
12/27/2006,2006-014532,BUSINESS,"2800 OVERLOOK PKY, 200, ATLANTA GA",Complete,https://cobbca.cobbcounty.org/CitizenAccess/Cap/CapDetail.aspx?Module=Building&TabName=Building&capID1=07BLD&capID2=00000&capID3=03685&agencyCode=COBBCO&IsToShowInspection=
12/27/2006,2006-014531,BUSINESS,"2800 OVERLOOK PKY, 100, GA",Complete,https://cobbca.cobbcounty.org/CitizenAccess/Cap/CapDetail.aspx?Module=Building&TabName=Building&capID1=07BLD&capID2=00000&capID3=03684&agencyCode=COBBCO&IsToShowInspection=
12/27/2006,2006-014536,BUSINESS,"2800 OVERLOOK PKY, 600, ATLANTA GA",Complete,https://cobbca.cobbcounty.org/CitizenAccess/Cap/CapDetail.aspx?Module=Building&TabName=Building&capID1=07BLD&capID2=00000&capID3=03682&agencyCode=COBBCO&IsToShowInspection=
12/27/2006,2006-014524,DECK,"5434 LAKESIDE CT, ACWORTH GA",Complete,https://cobbca.cobbcounty.org/CitizenAccess/Cap/CapDetail.aspx?Module=Building&TabName=Building&capID1=07BHM&capID2=00000&capID3=00726&agencyCode=COBBCO&IsToShowInspection=
12/27/2006,2006-014539,SINGLE FAMILY STICK BUILT,"2321 WHITING BAY CT, 54-E, KENNESAW GA",Complete,https://cobbca.cobbcounty.org/CitizenAccess/Cap/CapDetail.aspx?Module=Building&TabName=Building&capID1=07BHM&capID2=00000&capID3=00723&agencyCode=COBBCO&IsToShowInspection=
12/27/2006,2006-014541,SINGLE FAMILY STICK BUILT,"991 BROWN STORE RD, ACWORTH GA",VOID,https://cobbca.cobbcounty.org/CitizenAccess/Cap/CapDetail.aspx?Module=Building&TabName=Building&capID1=06HST&capID2=00000&capID3=14909&agencyCode=COBBCO&IsToShowInspection=
12/27/2006,2006-014540,REMODEL,"3065 FARMINGTON LN, ATLANTA GA",Expired,https://cobbca.cobbcounty.org/CitizenAccess/Cap/CapDetail.aspx?Module=Building&TabName=Building&capID1=06HST&capID2=00000&capID3=14908&agencyCode=COBBCO&IsToShowInspection=
12/27/2006,2006-014538,WALL SIGNS,"3208 CANTON RD, 1, GA",Expired,https://cobbca.cobbcounty.org/CitizenAccess/Cap/CapDetail.aspx?Module=Building&TabName=Building&capID1=06HST&capID2=00000&capID3=14907&agencyCode=COBBCO&IsToShowInspection=
12/27/2006,2006-014537,BSMT,"2119 CASTLE WYCKE CT, MARIETTA GA",VOID,https://cobbca.cobbcounty.org/CitizenAccess/Cap/CapDetail.aspx?Module=Building&TabName=Building&capID1=06HST&capID2=00000&capID3=14906&agencyCode=COBBCO&IsToShowInspection=
12/27/2006,2006-014535,WALL SIGN,"4250 ROSWELL RD, MARIETTA GA",Expired,https://cobbca.cobbcounty.org/CitizenAccess/Cap/CapDetail.aspx?Module=Building&TabName=Building&capID1=06HST&capID2=00000&capID3=14905&agencyCode=COBBCO&IsToShowInspection=
12/27/2006,2006-014530,WALL SIGNS,"3208 CANTON RD, 5, MARIETTA GA",Expired,https://cobbca.cobbcounty.org/CitizenAccess/Cap/CapDetail.aspx?Module=Building&TabName=Building&capID1=06HST&capID2=00000&capID3=14903&agencyCode=COBBCO&IsToShowInspection=
12/27/2006,2006-014529,WALL SIGN,"1770 DENNIS KEMP LN NW, KENNESAW GA",Expired,https://cobbca.cobbcounty.org/CitizenAccess/Cap/CapDetail.aspx?Module=Building&TabName=Building&capID1=06HST&capID2=00000&capID3=14902&agencyCode=COBBCO&IsToShowInspection=
12/27/2006,2006-014528,WALL SIGN,"1300 CUMBERLAND MALL, GA",Expired,https://cobbca.cobbcounty.org/CitizenAccess/Cap/CapDetail.aspx?Module=Building&TabName=Building&capID1=06HST&capID2=00000&capID3=14901&agencyCode=COBBCO&IsToShowInspection=
12/27/2006,2006-014527,SINGLE FAMILY STICK BUILT,"2364 LAHINCH CT, 26-E, KENNESAW GA",Expired,https://cobbca.cobbcounty.org/CitizenAccess/Cap/CapDetail.aspx?Module=Building&TabName=Building&capID1=06HST&capID2=00000&capID3=14900&agencyCode=COBBCO&IsToShowInspection=
12/27/2006,2006-014526,GARAGE,"4914 HOWARD DR, POWDER SPRINGS GA",VOID,https://cobbca.cobbcounty.org/CitizenAccess/Cap/CapDetail.aspx?Module=Building&TabName=Building&capID1=06HST&capID2=00000&capID3=14899&agencyCode=COBBCO&IsToShowInspection=
12/27/2006,2006-014525,REPERMIT,"381 WILLOW GLN, MARIETTA GA",Complete,https://cobbca.cobbcounty.org/CitizenAccess/Cap/CapDetail.aspx?Module=Building&TabName=Building&capID1=06HST&capID2=00000&capID3=14898&agencyCode=COBBCO&IsToShowInspection=
12/27/2006,2006-014523,PLUM,"2606 SPENCERS TRCE, MARIETTA GA",Expired,https://cobbca.cobbcounty.org/CitizenAccess/Cap/CapDetail.aspx?Module=Building&TabName=Building&capID1=06HST&capID2=00000&capID3=14897&agencyCode=COBBCO&IsToShowInspection=
12/27/2006,2006-014522,DECK,"4115 RIVER CLIFF CHASE, MARIETTA GA",VOID,https://cobbca.cobbcounty.org/CitizenAccess/Cap/CapDetail.aspx?Module=Building&TabName=Building&capID1=06HST&capID2=00000&capID3=14896&agencyCode=COBBCO&IsToShowInspection=
12/27/2006,2006-014521,ADDITION,"4617 WOODLAND BROOK DR, ATLANTA GA",VOID,https://cobbca.cobbcounty.org/CitizenAccess/Cap/CapDetail.aspx?Module=Building&TabName=Building&capID1=06HST&capID2=00000&capID3=14895&agencyCode=COBBCO&IsToShowInspection=
12/27/2006,2006-014520,DEMO,"1870 ATLANTA RD, I, SMYRNA GA",Expired,https://cobbca.cobbcounty.org/CitizenAccess/Cap/CapDetail.aspx?Module=Building&TabName=Building&capID1=06HST&capID2=00000&capID3=14894&agencyCode=COBBCO&IsToShowInspection=
12/27/2006,2006-014519,HEAT,"1285 JOHNSON FERRY RD, MARIETTA GA",Expired,https://cobbca.cobbcounty.org/CitizenAccess/Cap/CapDetail.aspx?Module=Building&TabName=Building&capID1=06HST&capID2=00000&capID3=14893&agencyCode=COBBCO&IsToShowInspection=
12/27/2006,2006-014518,REPERMIT FROM 0609413RB,"5925 FARMCREST PT, MABLETON GA",Expired,https://cobbca.cobbcounty.org/CitizenAccess/Cap/CapDetail.aspx?Module=Building&TabName=Building&capID1=06HST&capID2=00000&capID3=14892&agencyCode=COBBCO&IsToShowInspection=
12/27/2006,2006-014517,PLUMBING,"4247 GLEN FOREST WAY, ROSWELL GA",Expired,https://cobbca.cobbcounty.org/CitizenAccess/Cap/CapDetail.aspx?Module=Building&TabName=Building&capID1=06HST&capID2=00000&capID3=14891&agencyCode=COBBCO&IsToShowInspection=
12/27/2006,2006-014516,PLUMBING,"445 GUILFORD CIR, MARIETTA GA",Expired,https://cobbca.cobbcounty.org/CitizenAccess/Cap/CapDetail.aspx?Module=Building&TabName=Building&capID1=06HST&capID2=00000&capID3=14890&agencyCode=COBBCO&IsToShowInspection=
12/27/2006,2006-014515,WALL SIGN,"2525 SHALLOWFORD RD, 200, MARIETTA GA",Expired,https://cobbca.cobbcounty.org/CitizenAccess/Cap/CapDetail.aspx?Module=Building&TabName=Building&capID1=06HST&capID2=00000&capID3=14889&agencyCode=COBBCO&IsToShowInspection=
12/27/2006,2006-014514,ADDITION,"1960 MOZELLE DR, MTTA GA",VOID,https://cobbca.cobbcounty.org/CitizenAccess/Cap/CapDetail.aspx?Module=Building&TabName=Building&capID1=06HST&capID2=00000&capID3=14888&agencyCode=COBBCO&IsToShowInspection=
12/27/2006,2006-014513,REPERMIT FROM 0601586RB,"747 APPLETON DR, MARIETTA GA",VOID,https://cobbca.cobbcounty.org/CitizenAccess/Cap/CapDetail.aspx?Module=Building&TabName=Building&capID1=06HST&capID2=00000&capID3=14887&agencyCode=COBBCO&IsToShowInspection=
12/27/2006,2006-014512,BATH RENOVATION,"4650 PONTE VEDRA DR, MARIETTA GA",VOID,https://cobbca.cobbcounty.org/CitizenAccess/Cap/CapDetail.aspx?Module=Building&TabName=Building&capID1=06HST&capID2=00000&capID3=14886&agencyCode=COBBCO&IsToShowInspection=
12/27/2006,2006-014511,BASEMENT FINISH,"4854 BROWN LEAF DR, POWDER SPRINGS GA",Expired,https://cobbca.cobbcounty.org/CitizenAccess/Cap/CapDetail.aspx?Module=Building&TabName=Building&capID1=06HST&capID2=00000&capID3=14885&agencyCode=COBBCO&IsToShowInspection=
12/27/2006,2006-014510,RETAINING WALL,"2470 WEST BRIDGE PL, MARIETTA GA",Expired,https://cobbca.cobbcounty.org/CitizenAccess/Cap/CapDetail.aspx?Module=Building&TabName=Building&capID1=06HST&capID2=00000&capID3=14884&agencyCode=COBBCO&IsToShowInspection=
12/27/2006,2006-014509,WALL SIGN,"2460 CUMBERLAND PKY. STE. 250, GA",Expired,https://cobbca.cobbcounty.org/CitizenAccess/Cap/CapDetail.aspx?Module=Building&TabName=Building&capID1=06HST&capID2=00000&capID3=14883&agencyCode=COBBCO&IsToShowInspection=
12/27/2006,2006-014508,SERVICE CHANGE,"1080 SEVEN SPRINGS CIR, MARIETTA GA",Expired,https://cobbca.cobbcounty.org/CitizenAccess/Cap/CapDetail.aspx?Module=Building&TabName=Building&capID1=06HST&capID2=00000&capID3=14882&agencyCode=COBBCO&IsToShowInspection=
12/27/2006,2006-014507,ENCLOSE CARPORT,"2368 TUXEDO DR, MARIETTA GA",Expired,https://cobbca.cobbcounty.org/CitizenAccess/Cap/CapDetail.aspx?Module=Building&TabName=Building&capID1=06HST&capID2=00000&capID3=14881&agencyCode=COBBCO&IsToShowInspection=
12/27/2006,2006-014506,GARAGE,"3456 DRAYTON DR, ROSWELL GA",Expired,https://cobbca.cobbcounty.org/CitizenAccess/Cap/CapDetail.aspx?Module=Building&TabName=Building&capID1=06HST&capID2=00000&capID3=14880&agencyCode=COBBCO&IsToShowInspection=
12/27/2006,2006-014505,FOOTING & FOUNDATION,"2583 RESTORATION DR, POWDER SPRINGS GA",VOID,https://cobbca.cobbcounty.org/CitizenAccess/Cap/CapDetail.aspx?Module=Building&TabName=Building&capID1=06HST&capID2=00000&capID3=14879&agencyCode=COBBCO&IsToShowInspection=
12/22/2006,2006-014491,INTERIOR RENO,"1000 COBB PLACE BLVD, 230, KENNESAW GA",Complete,https://cobbca.cobbcounty.org/CitizenAccess/Cap/CapDetail.aspx?Module=Building&TabName=Building&capID1=07BLD&capID2=00000&capID3=03681&agencyCode=COBBCO&IsToShowInspection=
12/22/2006,2006-014480,STORAGE,"4000 ROYAL DR, 108, KENNESAW GA",Complete,https://cobbca.cobbcounty.org/CitizenAccess/Cap/CapDetail.aspx?Module=Building&TabName=Building&capID1=07BLD&capID2=00000&capID3=03678&agencyCode=COBBCO&IsToShowInspection=
12/22/2006,2006-014490,RETAINING WALL,"704 LARKSPUR BLVD, 35A, ACWORTH GA",Complete,https://cobbca.cobbcounty.org/CitizenAccess/Cap/CapDetail.aspx?Module=Building&TabName=Building&capID1=07BHM&capID2=00000&capID3=00730&agencyCode=COBBCO&IsToShowInspection=
12/22/2006,2006-014495,SINGLE FAMILY STICK BUILT,"2026 WESTWOOD CIR, SMYRNA GA",Complete,https://cobbca.cobbcounty.org/CitizenAccess/Cap/CapDetail.aspx?Module=Building&TabName=Building&capID1=07BHM&capID2=00000&capID3=00729&agencyCode=COBBCO&IsToShowInspection=
12/22/2006,2006-014497,REPERMIT,"620 INDIAN HILLS PKY, 620 INDIAN HILLS PKY GA",Complete,https://cobbca.cobbcounty.org/CitizenAccess/Cap/CapDetail.aspx?Module=Building&TabName=Building&capID1=07BHM&capID2=00000&capID3=00728&agencyCode=COBBCO&IsToShowInspection=
12/22/2006,2006-014499,ELEC,"119 ASPEN CT, MABLETON GA",Complete,https://cobbca.cobbcounty.org/CitizenAccess/Cap/CapDetail.aspx?Module=Building&TabName=Building&capID1=07BHM&capID2=00000&capID3=00727&agencyCode=COBBCO&IsToShowInspection=
12/22/2006,2006-014502,REPERMIT,"3263 ASHMORE HALL DR, MARIETTA GA",Complete,https://cobbca.cobbcounty.org/CitizenAccess/Cap/CapDetail.aspx?Module=Building&TabName=Building&capID1=07BHM&capID2=00000&capID3=00725&agencyCode=COBBCO&IsToShowInspection=
12/22/2006,2006-014501,REPERMIT,"3258 ASHMORE HALL DR, MARIETTA GA",Complete,https://cobbca.cobbcounty.org/CitizenAccess/Cap/CapDetail.aspx?Module=Building&TabName=Building&capID1=07BHM&capID2=00000&capID3=00724&agencyCode=COBBCO&IsToShowInspection=
12/22/2006,2006-014500,REPERMIT,"99 COOPER LAKE RD, MARIETTA GA",VOID,https://cobbca.cobbcounty.org/CitizenAccess/Cap/CapDetail.aspx?Module=Building&TabName=Building&capID1=06HST&capID2=00000&capID3=14904&agencyCode=COBBCO&IsToShowInspection=
12/22/2006,2006-014504,POOL HOUSE,"3150 STAGLIN DR, POWDER SPRINGS GA",Expired,https://cobbca.cobbcounty.org/CitizenAccess/Cap/CapDetail.aspx?Module=Building&TabName=Building&capID1=06HST&capID2=00000&capID3=14878&agencyCode=COBBCO&IsToShowInspection=
12/22/2006,2006-014503,WALL SIGN,"2460 CUMBERLAND PKY. STE. 250, GA",Expired,https://cobbca.cobbcounty.org/CitizenAccess/Cap/CapDetail.aspx?Module=Building&TabName=Building&capID1=06HST&capID2=00000&capID3=14877&agencyCode=COBBCO&IsToShowInspection=
12/22/2006,2006-014498,REPERMIT,"4685 SURREY RD, ROSWELL GA",Expired,https://cobbca.cobbcounty.org/CitizenAccess/Cap/CapDetail.aspx?Module=Building&TabName=Building&capID1=06HST&capID2=00000&capID3=14876&agencyCode=COBBCO&IsToShowInspection=
12/22/2006,2006-014496,RETAINING WALL,"4331 ALISON JANE DR, KENNESAW GA",Expired,https://cobbca.cobbcounty.org/CitizenAccess/Cap/CapDetail.aspx?Module=Building&TabName=Building&capID1=06HST&capID2=00000&capID3=14875&agencyCode=COBBCO&IsToShowInspection=
12/22/2006,2006-014494,ADDITION,"545 TAYLOR DR, SMYRNA GA",Expired,https://cobbca.cobbcounty.org/CitizenAccess/Cap/CapDetail.aspx?Module=Building&TabName=Building&capID1=06HST&capID2=00000&capID3=14874&agencyCode=COBBCO&IsToShowInspection=
12/22/2006,2006-014493,ENCLOSE GARAGE,"1769 EAST LAKE DR, MARIETTA GA",VOID,https://cobbca.cobbcounty.org/CitizenAccess/Cap/CapDetail.aspx?Module=Building&TabName=Building&capID1=06HST&capID2=00000&capID3=14873&agencyCode=COBBCO&IsToShowInspection=
12/22/2006,2006-014492,MOVE IN,"1050 EAST PIEDMONT RD, S-T-U, MARIETTA GA",Complete,https://cobbca.cobbcounty.org/CitizenAccess/Cap/CapDetail.aspx?Module=Building&TabName=Building&capID1=06HST&capID2=00000&capID3=14872&agencyCode=COBBCO&IsToShowInspection=
12/22/2006,2006-014489,SINGLE FAMILY STICK BUILT,"410 SCOTT FARM DR, POWDER SPRINGS GA",Expired,https://cobbca.cobbcounty.org/CitizenAccess/Cap/CapDetail.aspx?Module=Building&TabName=Building&capID1=06HST&capID2=00000&capID3=14871&agencyCode=COBBCO&IsToShowInspection=
12/22/2006,2006-014488,ADDITION,"580 NORTH BOOTH RD, KENNESAW GA",VOID,https://cobbca.cobbcounty.org/CitizenAccess/Cap/CapDetail.aspx?Module=Building&TabName=Building&capID1=06HST&capID2=00000&capID3=14870&agencyCode=COBBCO&IsToShowInspection=
12/22/2006,2006-014487,RENOVATION,"613 CLUB LN, MARIETTA GA",VOID,https://cobbca.cobbcounty.org/CitizenAccess/Cap/CapDetail.aspx?Module=Building&TabName=Building&capID1=06HST&capID2=00000&capID3=14869&agencyCode=COBBCO&IsToShowInspection=
12/22/2006,2006-014486,INTERIOR & REPAIRS,"848 DANIEL DR, SMYRNA GA",Complete,https://cobbca.cobbcounty.org/CitizenAccess/Cap/CapDetail.aspx?Module=Building&TabName=Building&capID1=06HST&capID2=00000&capID3=14868&agencyCode=COBBCO&IsToShowInspection=
12/22/2006,2006-014485,SWIMMING POOL,"4233 VALLEY TRAIL DR, ATLANTA GA",Expired,https://cobbca.cobbcounty.org/CitizenAccess/Cap/CapDetail.aspx?Module=Building&TabName=Building&capID1=06HST&capID2=00000&capID3=14867&agencyCode=COBBCO&IsToShowInspection=
12/22/2006,2006-014484,ELEC,"4981 CARRIAGE LAKES DR, ROSWELL GA",Expired,https://cobbca.cobbcounty.org/CitizenAccess/Cap/CapDetail.aspx?Module=Building&TabName=Building&capID1=06HST&capID2=00000&capID3=14866&agencyCode=COBBCO&IsToShowInspection=
12/22/2006,2006-014483,MOVE IN,"2145 ROSWELL RD, 60, MARIETTA GA",Complete,https://cobbca.cobbcounty.org/CitizenAccess/Cap/CapDetail.aspx?Module=Building&TabName=Building&capID1=06HST&capID2=00000&capID3=14865&agencyCode=COBBCO&IsToShowInspection=
12/22/2006,2006-014482,BANNER,"1167 VETERANS MEMORIAL, GA",Expired,https://cobbca.cobbcounty.org/CitizenAccess/Cap/CapDetail.aspx?Module=Building&TabName=Building&capID1=06HST&capID2=00000&capID3=14864&agencyCode=COBBCO&IsToShowInspection=
12/22/2006,2006-014481,WALL SIGN,"1167 VETERANS MEMORIAL, GA",Expired,https://cobbca.cobbcounty.org/CitizenAccess/Cap/CapDetail.aspx?Module=Building&TabName=Building&capID1=06HST&capID2=00000&capID3=14863&agencyCode=COBBCO&IsToShowInspection=
12/21/2006,2006-014436,FREE STANDING BUILDING,"3621 VININGS SLOPE, 1000, ATLANTA GA",Complete,https://cobbca.cobbcounty.org/CitizenAccess/Cap/CapDetail.aspx?Module=Building&TabName=Building&capID1=08BLD&capID2=00000&capID3=03535&agencyCode=COBBCO&IsToShowInspection=
12/21/2006,2006-014435,FREE STANDING PARKING DEC,"3621 VININGS SLOPE, ATLANTA GA",Complete,https://cobbca.cobbcounty.org/CitizenAccess/Cap/CapDetail.aspx?Module=Building&TabName=Building&capID1=08BLD&capID2=00000&capID3=03534&agencyCode=COBBCO&IsToShowInspection=
12/21/2006,2006-014434,FREE STANDING BUILDING,"3621 VININGS SLOPE, ATLANTA GA",Complete,https://cobbca.cobbcounty.org/CitizenAccess/Cap/CapDetail.aspx?Module=Building&TabName=Building&capID1=08BLD&capID2=00000&capID3=03533&agencyCode=COBBCO&IsToShowInspection=
12/21/2006,2006-014439,FREESTANDING BUILDING,"3621 VININGS SLOPE, 3000, ATLANTA GA",Complete,https://cobbca.cobbcounty.org/CitizenAccess/Cap/CapDetail.aspx?Module=Building&TabName=Building&capID1=08BLD&capID2=00000&capID3=03532&agencyCode=COBBCO&IsToShowInspection=
12/21/2006,2006-014438,FREESTANDING BUILDING,"3621 VININGS SLOPE, 2000, ATLANTA GA",Complete,https://cobbca.cobbcounty.org/CitizenAccess/Cap/CapDetail.aspx?Module=Building&TabName=Building&capID1=08BLD&capID2=00000&capID3=03531&agencyCode=COBBCO&IsToShowInspection=
12/21/2006,2006-014470,RENOVATION,"1401 JOHNSON FERRY RD, 360, MARIETTA GA",Complete,https://cobbca.cobbcounty.org/CitizenAccess/Cap/CapDetail.aspx?Module=Building&TabName=Building&capID1=07BLD&capID2=00000&capID3=03680&agencyCode=COBBCO&IsToShowInspection=
12/21/2006,2006-014473,RENOVATION,"1401 JOHNSON FERRY RD, 390, MARIETTA GA",Complete,https://cobbca.cobbcounty.org/CitizenAccess/Cap/CapDetail.aspx?Module=Building&TabName=Building&capID1=07BLD&capID2=00000&capID3=03679&agencyCode=COBBCO&IsToShowInspection=
12/21/2006,2006-014479,RENOVATION,"441 PAT MELL RD, 100, GA",Complete,https://cobbca.cobbcounty.org/CitizenAccess/Cap/CapDetail.aspx?Module=Building&TabName=Building&capID1=07BLD&capID2=00000&capID3=03677&agencyCode=COBBCO&IsToShowInspection=
12/21/2006,2006-014467,RENOVATION,"1401 JOHNSON FERRY RD, 320, MARIETTA GA",Complete,https://cobbca.cobbcounty.org/CitizenAccess/Cap/CapDetail.aspx?Module=Building&TabName=Building&capID1=07BLD&capID2=00000&capID3=03676&agencyCode=COBBCO&IsToShowInspection=
12/21/2006,2006-014466,RENOVATION,"1401 JOHNSON FERRY RD, 310, MARIETTA GA",Complete,https://cobbca.cobbcounty.org/CitizenAccess/Cap/CapDetail.aspx?Module=Building&TabName=Building&capID1=07BLD&capID2=00000&capID3=03675&agencyCode=COBBCO&IsToShowInspection=
12/21/2006,2006-014462,BUSINESS,"1111 JOHNSON FERRY RD, MARIETTA GA",Complete,https://cobbca.cobbcounty.org/CitizenAccess/Cap/CapDetail.aspx?Module=Building&TabName=Building&capID1=07BLD&capID2=00000&capID3=03674&agencyCode=COBBCO&IsToShowInspection=
12/21/2006,2006-014460,BUSINESS,"2863 JOHNSON FERRY RD, MARIETTA GA",Complete,https://cobbca.cobbcounty.org/CitizenAccess/Cap/CapDetail.aspx?Module=Building&TabName=Building&capID1=07BLD&capID2=00000&capID3=03673&agencyCode=COBBCO&IsToShowInspection=
12/21/2006,2006-014443,SINGLE FAMILY STICK BUILT,"58 SEWELL LN, MARIETTA GA",Complete,https://cobbca.cobbcounty.org/CitizenAccess/Cap/CapDetail.aspx?Module=Building&TabName=Building&capID1=07BHM&capID2=00000&capID3=00745&agencyCode=COBBCO&IsToShowInspection=
12/21/2006,2006-014446,SINGLE FAMILY STICK BUILT,"1255 WATERFALL LN, ACWORTH GA",Complete,https://cobbca.cobbcounty.org/CitizenAccess/Cap/CapDetail.aspx?Module=Building&TabName=Building&capID1=07BHM&capID2=00000&capID3=00744&agencyCode=COBBCO&IsToShowInspection=
12/21/2006,2006-014449,INTERIOR REMODEL/ROOF,"1752 KIMBERLY DR, MARIETTA GA",Complete,https://cobbca.cobbcounty.org/CitizenAccess/Cap/CapDetail.aspx?Module=Building&TabName=Building&capID1=07BHM&capID2=00000&capID3=00743&agencyCode=COBBCO&IsToShowInspection=
12/21/2006,2006-014448,REPERMIT,"410 CHERRY HILL DR, MARIETTA GA",Complete,https://cobbca.cobbcounty.org/CitizenAccess/Cap/CapDetail.aspx?Module=Building&TabName=Building&capID1=07BHM&capID2=00000&capID3=00742&agencyCode=COBBCO&IsToShowInspection=
12/21/2006,2006-014455,SINGLE FAMILY STICK BUILT,"2145 LAFITE SQ, SMYRNA GA",Complete,https://cobbca.cobbcounty.org/CitizenAccess/Cap/CapDetail.aspx?Module=Building&TabName=Building&capID1=07BHM&capID2=00000&capID3=00741&agencyCode=COBBCO&IsToShowInspection=
12/21/2006,2006-014454,SINGLE FAMILY STICK BUILT,"3876 WAKEFIELD HALL SQ, SMYRNA GA",Complete,https://cobbca.cobbcounty.org/CitizenAccess/Cap/CapDetail.aspx?Module=Building&TabName=Building&capID1=07BHM&capID2=00000&capID3=00740&agencyCode=COBBCO&IsToShowInspection=
12/21/2006,2006-014453,SINGLE FAMILY STICK BUILT,"2175 LAFITE SQ, SMYRNA GA",Complete,https://cobbca.cobbcounty.org/CitizenAccess/Cap/CapDetail.aspx?Module=Building&TabName=Building&capID1=07BHM&capID2=00000&capID3=00739&agencyCode=COBBCO&IsToShowInspection=
12/21/2006,2006-014458,SINGLE FAMILY STICK BUILT,"2165 LAFITE SQ, SMYRNA GA",Complete,https://cobbca.cobbcounty.org/CitizenAccess/Cap/CapDetail.aspx?Module=Building&TabName=Building&capID1=07BHM&capID2=00000&capID3=00738&agencyCode=COBBCO&IsToShowInspection=
12/21/2006,2006-014457,SINGLE FAMILY STICK BUILT,"2155 LAFITE SQ, SMYRNA GA",Complete,https://cobbca.cobbcounty.org/CitizenAccess/Cap/CapDetail.aspx?Module=Building&TabName=Building&capID1=07BHM&capID2=00000&capID3=00737&agencyCode=COBBCO&IsToShowInspection=
12/21/2006,2006-014463,ADDITION,"54 WOODLAWN DR, MTTA GA",Complete,https://cobbca.cobbcounty.org/CitizenAccess/Cap/CapDetail.aspx?Module=Building&TabName=Building&capID1=07BHM&capID2=00000&capID3=00736&agencyCode=COBBCO&IsToShowInspection=
12/21/2006,2006-014461,SINGLE FAMILY STICK BUILT,"2185 LAFITE SQ, SMYRNA GA",Complete,https://cobbca.cobbcounty.org/CitizenAccess/Cap/CapDetail.aspx?Module=Building&TabName=Building&capID1=07BHM&capID2=00000&capID3=00734&agencyCode=COBBCO&IsToShowInspection=
12/21/2006,2006-014465,SINGLE FAMILY STICK BUILT,"4221 BARNES MEADOW RD, SMYRNA GA",Complete,https://cobbca.cobbcounty.org/CitizenAccess/Cap/CapDetail.aspx?Module=Building&TabName=Building&capID1=07BHM&capID2=00000&capID3=00733&agencyCode=COBBCO&IsToShowInspection=
12/21/2006,2006-014478,REPRMIT,"793 OAK TRAIL DR, MARIETTA GA",Complete,https://cobbca.cobbcounty.org/CitizenAccess/Cap/CapDetail.aspx?Module=Building&TabName=Building&capID1=07BHM&capID2=00000&capID3=00732&agencyCode=COBBCO&IsToShowInspection=
12/21/2006,2006-014477,DECK REPAIRS,"2691 WOODLAND BROOK LN, SMYRNA GA",Complete,https://cobbca.cobbcounty.org/CitizenAccess/Cap/CapDetail.aspx?Module=Building&TabName=Building&capID1=07BHM&capID2=00000&capID3=00731&agencyCode=COBBCO&IsToShowInspection=
12/21/2006,2006-014476,PORCH,"3479 CASTEEL RD, MARIETTA GA",Expired,https://cobbca.cobbcounty.org/CitizenAccess/Cap/CapDetail.aspx?Module=Building&TabName=Building&capID1=06HST&capID2=00000&capID3=14862&agencyCode=COBBCO&IsToShowInspection=
12/21/2006,2006-014475,PLUMBING,"86 SOUTH COBB DR, MARIETTA GA",Expired,https://cobbca.cobbcounty.org/CitizenAccess/Cap/CapDetail.aspx?Module=Building&TabName=Building&capID1=06HST&capID2=00000&capID3=14861&agencyCode=COBBCO&IsToShowInspection=
12/21/2006,2006-014474,REPERMIT,"4821 FOX GLEN, MARIETTA GA",Expired,https://cobbca.cobbcounty.org/CitizenAccess/Cap/CapDetail.aspx?Module=Building&TabName=Building&capID1=06HST&capID2=00000&capID3=14860&agencyCode=COBBCO&IsToShowInspection=
12/21/2006,2006-014472,RENOVATION,"1401 JOHNSON FERRY RD, 380, MARIETTA GA",VOID,https://cobbca.cobbcounty.org/CitizenAccess/Cap/CapDetail.aspx?Module=Building&TabName=Building&capID1=06HST&capID2=00000&capID3=14859&agencyCode=COBBCO&IsToShowInspection=
12/21/2006,2006-014471,RENOVATION,"1401 JOHNSON FERRY RD, 370, MARIETTA GA",VOID,https://cobbca.cobbcounty.org/CitizenAccess/Cap/CapDetail.aspx?Module=Building&TabName=Building&capID1=06HST&capID2=00000&capID3=14858&agencyCode=COBBCO&IsToShowInspection=
12/21/2006,2006-014469,RENOVATION,"1401 JOHNSON FERRY RD, 340, GA",Expired,https://cobbca.cobbcounty.org/CitizenAccess/Cap/CapDetail.aspx?Module=Building&TabName=Building&capID1=06HST&capID2=00000&capID3=14857&agencyCode=COBBCO&IsToShowInspection=
12/21/2006,2006-014468,PLUMBING,"2437 RED FOX RUN, ACWORTH GA",Expired,https://cobbca.cobbcounty.org/CitizenAccess/Cap/CapDetail.aspx?Module=Building&TabName=Building&capID1=06HST&capID2=00000&capID3=14856&agencyCode=COBBCO&IsToShowInspection=
12/21/2006,2006-014464,ELEC,"0 COLLINS LAKE DR/FONTAINE, MABLETON GA",Expired,https://cobbca.cobbcounty.org/CitizenAccess/Cap/CapDetail.aspx?Module=Building&TabName=Building&capID1=06HST&capID2=00000&capID3=14855&agencyCode=COBBCO&IsToShowInspection=
12/21/2006,2006-014459,DEMO,"1237 BLACKJACK CT, MARIETTA GA",Expired,https://cobbca.cobbcounty.org/CitizenAccess/Cap/CapDetail.aspx?Module=Building&TabName=Building&capID1=06HST&capID2=00000&capID3=14854&agencyCode=COBBCO&IsToShowInspection=
12/21/2006,2006-014456,HEAT,"4395 DUNMORE RD, MARIETTA GA",Expired,https://cobbca.cobbcounty.org/CitizenAccess/Cap/CapDetail.aspx?Module=Building&TabName=Building&capID1=06HST&capID2=00000&capID3=14853&agencyCode=COBBCO&IsToShowInspection=
12/21/2006,2006-014452,repermit from 0610548RB,"3956 LOWER ROSWELL RD, MARIETTA GA",Cancelled,https://cobbca.cobbcounty.org/CitizenAccess/Cap/CapDetail.aspx?Module=Building&TabName=Building&capID1=06HST&capID2=00000&capID3=14852&agencyCode=COBBCO&IsToShowInspection=
12/21/2006,2006-014451,BSMT,"3711 GREENVIEW DR, MARIETTA GA",VOID,https://cobbca.cobbcounty.org/CitizenAccess/Cap/CapDetail.aspx?Module=Building&TabName=Building&capID1=06HST&capID2=00000&capID3=14851&agencyCode=COBBCO&IsToShowInspection=
12/21/2006,2006-014450,STORAGE BLDG,"5390 PICKENS RD, POWDER SPRINGS GA",Expired,https://cobbca.cobbcounty.org/CitizenAccess/Cap/CapDetail.aspx?Module=Building&TabName=Building&capID1=06HST&capID2=00000&capID3=14850&agencyCode=COBBCO&IsToShowInspection=
12/21/2006,2006-014447,FACE CHANGE,"2125 ROSWELL RD, 30, MARIETTA GA",Expired,https://cobbca.cobbcounty.org/CitizenAccess/Cap/CapDetail.aspx?Module=Building&TabName=Building&capID1=06HST&capID2=00000&capID3=14849&agencyCode=COBBCO&IsToShowInspection=
12/21/2006,2006-014445,banner,"3451 BARRETT PKY, 190, GA",Expired,https://cobbca.cobbcounty.org/CitizenAccess/Cap/CapDetail.aspx?Module=Building&TabName=Building&capID1=06HST&capID2=00000&capID3=14848&agencyCode=COBBCO&IsToShowInspection=
12/21/2006,2006-014444,REMODEL,"4630 NORTH VIEW RD, KENNESAW GA",Complete,https://cobbca.cobbcounty.org/CitizenAccess/Cap/CapDetail.aspx?Module=Building&TabName=Building&capID1=06HST&capID2=00000&capID3=14847&agencyCode=COBBCO&IsToShowInspection=
12/21/2006,2006-014442,DEMO,"3305 LOST MILL TRCE, GA",Expired,https://cobbca.cobbcounty.org/CitizenAccess/Cap/CapDetail.aspx?Module=Building&TabName=Building&capID1=06HST&capID2=00000&capID3=14846&agencyCode=COBBCO&IsToShowInspection=
12/21/2006,2006-014441,BASEMENT,"1691 OLD CANTON RD, MARIETTA GA",VOID,https://cobbca.cobbcounty.org/CitizenAccess/Cap/CapDetail.aspx?Module=Building&TabName=Building&capID1=06HST&capID2=00000&capID3=14845&agencyCode=COBBCO&IsToShowInspection=
12/21/2006,2006-014440,INT REMODEL,"1171 AMELIA DR, MARIETTA GA",Expired,https://cobbca.cobbcounty.org/CitizenAccess/Cap/CapDetail.aspx?Module=Building&TabName=Building&capID1=06HST&capID2=00000&capID3=14844&agencyCode=COBBCO&IsToShowInspection=
12/21/2006,2006-014437,REPLACEMENT,"1024 CENTER ST, MABLETON GA",Expired,https://cobbca.cobbcounty.org/CitizenAccess/Cap/CapDetail.aspx?Module=Building&TabName=Building&capID1=06HST&capID2=00000&capID3=14843&agencyCode=COBBCO&IsToShowInspection=
12/20/2006,2006-014433,CONDO,"2469 PALLADIAN MANOR WAY, SMYRNA GA",Complete,https://cobbca.cobbcounty.org/CitizenAccess/Cap/CapDetail.aspx?Module=Building&TabName=Building&capID1=08BMU&capID2=00000&capID3=21233&agencyCode=COBBCO&IsToShowInspection=
12/20/2006,2006-014432,CONDO,"2473 PALLADIAN MANOR WAY, 1, SMYRNA GA",Complete,https://cobbca.cobbcounty.org/CitizenAccess/Cap/CapDetail.aspx?Module=Building&TabName=Building&capID1=08BMU&capID2=00000&capID3=21232&agencyCode=COBBCO&IsToShowInspection=
12/20/2006,2006-014431,CONDO,"2477 PALLADIAN MANOR WAY, 1, SMYRNA GA",Complete,https://cobbca.cobbcounty.org/CitizenAccess/Cap/CapDetail.aspx?Module=Building&TabName=Building&capID1=08BMU&capID2=00000&capID3=21231&agencyCode=COBBCO&IsToShowInspection=
12/20/2006,2006-014377,CONDO,"639 PECAN KNOLL DR, GA",Complete,https://cobbca.cobbcounty.org/CitizenAccess/Cap/CapDetail.aspx?Module=Building&TabName=Building&capID1=07HST&capID2=00000&capID3=08085&agencyCode=COBBCO&IsToShowInspection=
12/20/2006,2006-014424,CONDO,"643 PECAN KNOLL DR, GA",Complete,https://cobbca.cobbcounty.org/CitizenAccess/Cap/CapDetail.aspx?Module=Building&TabName=Building&capID1=07HST&capID2=00000&capID3=08084&agencyCode=COBBCO&IsToShowInspection=
12/20/2006,2006-014423,CONDO,"641 PECAN KNOLL DR, GA",Complete,https://cobbca.cobbcounty.org/CitizenAccess/Cap/CapDetail.aspx?Module=Building&TabName=Building&capID1=07HST&capID2=00000&capID3=08083&agencyCode=COBBCO&IsToShowInspection=
12/20/2006,2006-014374,MOVE IN,"2525 SHALLOWFORD RD, 200, MARIETTA GA",Complete,https://cobbca.cobbcounty.org/CitizenAccess/Cap/CapDetail.aspx?Module=Building&TabName=Building&capID1=07BLD&capID2=00000&capID3=03670&agencyCode=COBBCO&IsToShowInspection=
12/20/2006,2006-014401,INT RENO,"1400 MARIETTA COUNTRY CLB, KENNESAW GA",Complete,https://cobbca.cobbcounty.org/CitizenAccess/Cap/CapDetail.aspx?Module=Building&TabName=Building&capID1=07BLD&capID2=00000&capID3=03669&agencyCode=COBBCO&IsToShowInspection=
12/20/2006,2006-014389,INT RENO,"5015 FLOYD RD, 120/13, MABLETON GA",Complete,https://cobbca.cobbcounty.org/CitizenAccess/Cap/CapDetail.aspx?Module=Building&TabName=Building&capID1=07BLD&capID2=00000&capID3=03668&agencyCode=COBBCO&IsToShowInspection=
12/20/2006,2006-014399,SINGLE FAMILY STICK BUILT,"5721 REGISTRY OAKS LN, MABLETON GA",Complete,https://cobbca.cobbcounty.org/CitizenAccess/Cap/CapDetail.aspx?Module=Building&TabName=Building&capID1=07BHM&capID2=00000&capID3=00757&agencyCode=COBBCO&IsToShowInspection=
12/20/2006,2006-014398,ADDITION,"1809 ARDSLEY DR, MARIETTA GA",Complete,https://cobbca.cobbcounty.org/CitizenAccess/Cap/CapDetail.aspx?Module=Building&TabName=Building&capID1=07BHM&capID2=00000&capID3=00756&agencyCode=COBBCO&IsToShowInspection=
12/20/2006,2006-014405,SINGLE FAMILY STICK BUILT,"862 CLUB MOSS CT, MARIETTA GA",Complete,https://cobbca.cobbcounty.org/CitizenAccess/Cap/CapDetail.aspx?Module=Building&TabName=Building&capID1=07BHM&capID2=00000&capID3=00755&agencyCode=COBBCO&IsToShowInspection=
12/20/2006,2006-014404,SINGLE FAMILY STICK BUILT,"870 CLUB MOSS CT, MARIETTA GA",Complete,https://cobbca.cobbcounty.org/CitizenAccess/Cap/CapDetail.aspx?Module=Building&TabName=Building&capID1=07BHM&capID2=00000&capID3=00754&agencyCode=COBBCO&IsToShowInspection=
12/20/2006,2006-014409,REMODEL,"1036 WALKER CT, MARIETTA GA",Complete,https://cobbca.cobbcounty.org/CitizenAccess/Cap/CapDetail.aspx?Module=Building&TabName=Building&capID1=07BHM&capID2=00000&capID3=00753&agencyCode=COBBCO&IsToShowInspection=
12/20/2006,2006-014415,SINGLE FAMILY STICK BUILT,"4830 ARBOR VIEW PKY, ACWORTH GA",Complete,https://cobbca.cobbcounty.org/CitizenAccess/Cap/CapDetail.aspx?Module=Building&TabName=Building&capID1=07BHM&capID2=00000&capID3=00752&agencyCode=COBBCO&IsToShowInspection=
12/20/2006,2006-014414,SINGLE FAMILY STICK BUILT,"4907 ARBOR VIEW PKY, ACWORTH GA",Complete,https://cobbca.cobbcounty.org/CitizenAccess/Cap/CapDetail.aspx?Module=Building&TabName=Building&capID1=07BHM&capID2=00000&capID3=00751&agencyCode=COBBCO&IsToShowInspection=
12/20/2006,2006-014413,SINGLE FAMILY STICK BUILT,"700 KING SWORD PT, MABLETON GA",Complete,https://cobbca.cobbcounty.org/CitizenAccess/Cap/CapDetail.aspx?Module=Building&TabName=Building&capID1=07BHM&capID2=00000&capID3=00750&agencyCode=COBBCO&IsToShowInspection=
12/20/2006,2006-014412,SINGLE FAMILY STICK BUILT,"471 TWAIN CIR, MABLETON GA",Complete,https://cobbca.cobbcounty.org/CitizenAccess/Cap/CapDetail.aspx?Module=Building&TabName=Building&capID1=07BHM&capID2=00000&capID3=00749&agencyCode=COBBCO&IsToShowInspection=
12/20/2006,2006-014411,ROOM ADDITION,"3795 BACCURATE PL, MARIETTA GA",Complete,https://cobbca.cobbcounty.org/CitizenAccess/Cap/CapDetail.aspx?Module=Building&TabName=Building&capID1=07BHM&capID2=00000&capID3=00748&agencyCode=COBBCO&IsToShowInspection=
12/20/2006,2006-014419,SINGLE FAMILY STICK BUILT,"5255 CENTENNIAL HILL DR, ACWORTH GA",Complete,https://cobbca.cobbcounty.org/CitizenAccess/Cap/CapDetail.aspx?Module=Building&TabName=Building&capID1=07BHM&capID2=00000&capID3=00747&agencyCode=COBBCO&IsToShowInspection=
12/20/2006,2006-014418,SINGLE FAMILY STICK BUILT,"549 LAWTON BRIDGE RD, SMYRNA GA",Complete,https://cobbca.cobbcounty.org/CitizenAccess/Cap/CapDetail.aspx?Module=Building&TabName=Building&capID1=07BHM&capID2=00000&capID3=00746&agencyCode=COBBCO&IsToShowInspection=
12/20/2006,2006-014390,POOL,"777 THACKSTON DR, MARIETTA GA",Complete,https://cobbca.cobbcounty.org/CitizenAccess/Cap/CapDetail.aspx?Module=Building&TabName=Building&capID1=07BHM&capID2=00000&capID3=00735&agencyCode=COBBCO&IsToShowInspection=
12/20/2006,2006-014422,REPERMIT FROM 0611276RB,"2530 IRENE DR, MARIETTA GA",VOID,https://cobbca.cobbcounty.org/CitizenAccess/Cap/CapDetail.aspx?Module=Building&TabName=Building&capID1=06HST&capID2=00000&capID3=14842&agencyCode=COBBCO&IsToShowInspection=
12/20/2006,2006-014421,SINGLE FAMILY STICK BUILT,"1714 HICKORY WOODS PASS, MARIETTA GA",VOID,https://cobbca.cobbcounty.org/CitizenAccess/Cap/CapDetail.aspx?Module=Building&TabName=Building&capID1=06HST&capID2=00000&capID3=14841&agencyCode=COBBCO&IsToShowInspection=
12/20/2006,2006-014420,RENOVATION,"3350 HICKORY GROVE RD, ACWORTH GA",VOID,https://cobbca.cobbcounty.org/CitizenAccess/Cap/CapDetail.aspx?Module=Building&TabName=Building&capID1=06HST&capID2=00000&capID3=14840&agencyCode=COBBCO&IsToShowInspection=
12/20/2006,2006-014430,CONDO,"2481 PALLADIAN MANOR WAY, 1, SMYRNA GA",Expired,https://cobbca.cobbcounty.org/CitizenAccess/Cap/CapDetail.aspx?Module=Building&TabName=Building&capID1=06HST&capID2=00000&capID3=14839&agencyCode=COBBCO&IsToShowInspection=
12/20/2006,2006-014429,CONDO,"2485 PALLADIAN MANOR WAY, 1, GA",Void,https://cobbca.cobbcounty.org/CitizenAccess/Cap/CapDetail.aspx?Module=Building&TabName=Building&capID1=06HST&capID2=00000&capID3=14838&agencyCode=COBBCO&IsToShowInspection=
12/20/2006,2006-014428,2 DECKS,"6006 FORDS LAKE CT, ACWORTH GA",VOID,https://cobbca.cobbcounty.org/CitizenAccess/Cap/CapDetail.aspx?Module=Building&TabName=Building&capID1=06HST&capID2=00000&capID3=14837&agencyCode=COBBCO&IsToShowInspection=
12/20/2006,2006-014427,CONDO,"2489 PALLADIAN MANOR WAY, 1, GA",Void,https://cobbca.cobbcounty.org/CitizenAccess/Cap/CapDetail.aspx?Module=Building&TabName=Building&capID1=06HST&capID2=00000&capID3=14836&agencyCode=COBBCO&IsToShowInspection=
12/20/2006,2006-014426,CONDO,"2495 PALLADIAN MANOR WAY, 1, SMYRNA GA",Void,https://cobbca.cobbcounty.org/CitizenAccess/Cap/CapDetail.aspx?Module=Building&TabName=Building&capID1=06HST&capID2=00000&capID3=14835&agencyCode=COBBCO&IsToShowInspection=
12/20/2006,2006-014425,WALL SIGN,"3894 DUE WEST RD, 255, MARIETTA GA",Expired,https://cobbca.cobbcounty.org/CitizenAccess/Cap/CapDetail.aspx?Module=Building&TabName=Building&capID1=06HST&capID2=00000&capID3=14834&agencyCode=COBBCO&IsToShowInspection=
12/20/2006,2006-014417,SINGLE FAMILY STICK BUILT,"4836 ARBOR VIEW PKY, ACWORTH GA",VOID,https://cobbca.cobbcounty.org/CitizenAccess/Cap/CapDetail.aspx?Module=Building&TabName=Building&capID1=06HST&capID2=00000&capID3=14833&agencyCode=COBBCO&IsToShowInspection=
12/20/2006,2006-014416,DEMO,"4280 BELLS FERRY RD, MARIETTA GA",Expired,https://cobbca.cobbcounty.org/CitizenAccess/Cap/CapDetail.aspx?Module=Building&TabName=Building&capID1=06HST&capID2=00000&capID3=14832&agencyCode=COBBCO&IsToShowInspection=
12/20/2006,2006-014410,SHED,"4150 COUNCIL ROCK RD, MARIETTA GA",Expired,https://cobbca.cobbcounty.org/CitizenAccess/Cap/CapDetail.aspx?Module=Building&TabName=Building&capID1=06HST&capID2=00000&capID3=14831&agencyCode=COBBCO&IsToShowInspection=
12/20/2006,2006-014408,ELEC,"121 CARRUTH DR, MARIETTA GA",Expired,https://cobbca.cobbcounty.org/CitizenAccess/Cap/CapDetail.aspx?Module=Building&TabName=Building&capID1=06HST&capID2=00000&capID3=14830&agencyCode=COBBCO&IsToShowInspection=
12/20/2006,2006-014407,RENOVATION,"3565 AUSTELL, 30, GA",VOID,https://cobbca.cobbcounty.org/CitizenAccess/Cap/CapDetail.aspx?Module=Building&TabName=Building&capID1=06HST&capID2=00000&capID3=14829&agencyCode=COBBCO&IsToShowInspection=
12/20/2006,2006-014406,BASEMENT,"5932 CROWN FOREST CT, MABLETON GA",VOID,https://cobbca.cobbcounty.org/CitizenAccess/Cap/CapDetail.aspx?Module=Building&TabName=Building&capID1=06HST&capID2=00000&capID3=14828&agencyCode=COBBCO&IsToShowInspection=
12/20/2006,2006-014403,ELEC,"110 MARS HILL RD, POWDER SPRINGS GA",Expired,https://cobbca.cobbcounty.org/CitizenAccess/Cap/CapDetail.aspx?Module=Building&TabName=Building&capID1=06HST&capID2=00000&capID3=14827&agencyCode=COBBCO&IsToShowInspection=
12/20/2006,2006-014402,WATER HEATER,"1326 ECHO MILL CT, POWDER SPRINGS GA",Expired,https://cobbca.cobbcounty.org/CitizenAccess/Cap/CapDetail.aspx?Module=Building&TabName=Building&capID1=06HST&capID2=00000&capID3=14826&agencyCode=COBBCO&IsToShowInspection=
12/20/2006,2006-014400,POWER USE,"6901 GALLANT CIR, MABLETON GA",Expired,https://cobbca.cobbcounty.org/CitizenAccess/Cap/CapDetail.aspx?Module=Building&TabName=Building&capID1=06HST&capID2=00000&capID3=14825&agencyCode=COBBCO&IsToShowInspection=
12/20/2006,2006-014376,WATER HEATER,"2525 JEWELL DR, MARIETTA GA",Expired,https://cobbca.cobbcounty.org/CitizenAccess/Cap/CapDetail.aspx?Module=Building&TabName=Building&capID1=06HST&capID2=00000&capID3=14824&agencyCode=COBBCO&IsToShowInspection=
12/20/2006,2006-014375,REPERMIT,"1416 WALCUTTS WAY, MARIETTA GA",Cancelled,https://cobbca.cobbcounty.org/CitizenAccess/Cap/CapDetail.aspx?Module=Building&TabName=Building&capID1=06HST&capID2=00000&capID3=14823&agencyCode=COBBCO&IsToShowInspection=
12/20/2006,2006-014397,WATER HEATER,"2673 CHRISWELL CT, MARIETTA GA",Expired,https://cobbca.cobbcounty.org/CitizenAccess/Cap/CapDetail.aspx?Module=Building&TabName=Building&capID1=06HST&capID2=00000&capID3=14820&agencyCode=COBBCO&IsToShowInspection=
12/20/2006,2006-014396,WATER HEATER,"3449 TURTLE COVE CT, MARIETTA GA",Expired,https://cobbca.cobbcounty.org/CitizenAccess/Cap/CapDetail.aspx?Module=Building&TabName=Building&capID1=06HST&capID2=00000&capID3=14819&agencyCode=COBBCO&IsToShowInspection=
12/20/2006,2006-014395,WATER HEATER,"1820 CRESCENT HILL DR, 48F, ACWORTH GA",Expired,https://cobbca.cobbcounty.org/CitizenAccess/Cap/CapDetail.aspx?Module=Building&TabName=Building&capID1=06HST&capID2=00000&capID3=14818&agencyCode=COBBCO&IsToShowInspection=
12/20/2006,2006-014394,WATER HEATER,"3131 BRANFORD CT, MARIETTA GA",Complete,https://cobbca.cobbcounty.org/CitizenAccess/Cap/CapDetail.aspx?Module=Building&TabName=Building&capID1=06HST&capID2=00000&capID3=14817&agencyCode=COBBCO&IsToShowInspection=
12/20/2006,2006-014393,WATER HEATER,"2578 TRITT SPRING TRCE, MARIETTA GA",Expired,https://cobbca.cobbcounty.org/CitizenAccess/Cap/CapDetail.aspx?Module=Building&TabName=Building&capID1=06HST&capID2=00000&capID3=14816&agencyCode=COBBCO&IsToShowInspection=
12/20/2006,2006-014392,WATER HEATER,"4273 GLENLAKE DR, KENNESAW GA",Cancelled,https://cobbca.cobbcounty.org/CitizenAccess/Cap/CapDetail.aspx?Module=Building&TabName=Building&capID1=06HST&capID2=00000&capID3=14815&agencyCode=COBBCO&IsToShowInspection=
12/20/2006,2006-014391,WATER HEATER,"3469 NANTUCKET DR, MARIETTA GA",Expired,https://cobbca.cobbcounty.org/CitizenAccess/Cap/CapDetail.aspx?Module=Building&TabName=Building&capID1=06HST&capID2=00000&capID3=14814&agencyCode=COBBCO&IsToShowInspection=
12/20/2006,2006-014388,PLUMBING,"4520 HAMPTON WOODS DR, MARIETTA GA",Expired,https://cobbca.cobbcounty.org/CitizenAccess/Cap/CapDetail.aspx?Module=Building&TabName=Building&capID1=06HST&capID2=00000&capID3=14813&agencyCode=COBBCO&IsToShowInspection=
12/20/2006,2006-014387,HEATING,"4520 HAMPTON WOODS DR, MARIETTA GA",Expired,https://cobbca.cobbcounty.org/CitizenAccess/Cap/CapDetail.aspx?Module=Building&TabName=Building&capID1=06HST&capID2=00000&capID3=14812&agencyCode=COBBCO&IsToShowInspection=
12/20/2006,2006-014386,STORAGE BLDG,"3397 STONEWALL DR, KENNESAW GA",VOID,https://cobbca.cobbcounty.org/CitizenAccess/Cap/CapDetail.aspx?Module=Building&TabName=Building&capID1=06HST&capID2=00000&capID3=14811&agencyCode=COBBCO&IsToShowInspection=
12/20/2006,2006-014385,WATER HEATER,"1362 MEADOW CREEK WAY, ACWORTH GA",Expired,https://cobbca.cobbcounty.org/CitizenAccess/Cap/CapDetail.aspx?Module=Building&TabName=Building&capID1=06HST&capID2=00000&capID3=14810&agencyCode=COBBCO&IsToShowInspection=
12/20/2006,2006-014384,WATER HEATER,"2865 WHITEVIEW DR, ACWORTH GA",Expired,https://cobbca.cobbcounty.org/CitizenAccess/Cap/CapDetail.aspx?Module=Building&TabName=Building&capID1=06HST&capID2=00000&capID3=14809&agencyCode=COBBCO&IsToShowInspection=
12/20/2006,2006-014383,WATER HEATER,"6834 CHERRY LOG PL, AUSTELL GA",Expired,https://cobbca.cobbcounty.org/CitizenAccess/Cap/CapDetail.aspx?Module=Building&TabName=Building&capID1=06HST&capID2=00000&capID3=14808&agencyCode=COBBCO&IsToShowInspection=
12/20/2006,2006-014382,HEAT,"600 BROOKSIDE INDUSTRIAL DR, MABLETON GA",Expired,https://cobbca.cobbcounty.org/CitizenAccess/Cap/CapDetail.aspx?Module=Building&TabName=Building&capID1=06HST&capID2=00000&capID3=14807&agencyCode=COBBCO&IsToShowInspection=
12/20/2006,2006-014381,WATER HEATER,"3525 SANDERLINGS CT, KENNESAW GA",Expired,https://cobbca.cobbcounty.org/CitizenAccess/Cap/CapDetail.aspx?Module=Building&TabName=Building&capID1=06HST&capID2=00000&capID3=14806&agencyCode=COBBCO&IsToShowInspection=
12/20/2006,2006-014380,HEAT,"4309 BLACKLAND WAY, MARIETTA GA",Expired,https://cobbca.cobbcounty.org/CitizenAccess/Cap/CapDetail.aspx?Module=Building&TabName=Building&capID1=06HST&capID2=00000&capID3=14805&agencyCode=COBBCO&IsToShowInspection=
12/20/2006,2006-014379,WATER HEATER,"3206 FERNVALLEY DR, MARIETTA GA",Expired,https://cobbca.cobbcounty.org/CitizenAccess/Cap/CapDetail.aspx?Module=Building&TabName=Building&capID1=06HST&capID2=00000&capID3=14804&agencyCode=COBBCO&IsToShowInspection=
12/20/2006,2006-014378,WATER HEATER,"3737 MEMORIAL PKY, KENNESAW GA",Expired,https://cobbca.cobbcounty.org/CitizenAccess/Cap/CapDetail.aspx?Module=Building&TabName=Building&capID1=06HST&capID2=00000&capID3=14803&agencyCode=COBBCO&IsToShowInspection=
12/19/2006,2006-014343,SINGLE FAMILY STICK BUILT,"1573 LAKE HOLCOMB LN, MARIETTA GA",Complete,https://cobbca.cobbcounty.org/CitizenAccess/Cap/CapDetail.aspx?Module=Building&TabName=Building&capID1=08BHM&capID2=00000&capID3=00069&agencyCode=COBBCO&IsToShowInspection=
12/19/2006,2006-014363,RENOVATIONS,"3100 CUMBERLAND BLVD, 900, ATLANTA GA",Complete,https://cobbca.cobbcounty.org/CitizenAccess/Cap/CapDetail.aspx?Module=Building&TabName=Building&capID1=07BLD&capID2=00000&capID3=03672&agencyCode=COBBCO&IsToShowInspection=
12/19/2006,2006-014362,RENOVATIONS,"3100 CUMBERLAND BLVD, 800, ATLANTA GA",Complete,https://cobbca.cobbcounty.org/CitizenAccess/Cap/CapDetail.aspx?Module=Building&TabName=Building&capID1=07BLD&capID2=00000&capID3=03671&agencyCode=COBBCO&IsToShowInspection=
12/19/2006,2006-014360,RENOVATIONS,"3100 CUMBERLAND BLVD, 700, ATLANTA GA",Complete,https://cobbca.cobbcounty.org/CitizenAccess/Cap/CapDetail.aspx?Module=Building&TabName=Building&capID1=07BLD&capID2=00000&capID3=03667&agencyCode=COBBCO&IsToShowInspection=
12/19/2006,2006-014359,RENOVATION,"1368 SE ATLANTA RD, MARIETTA GA",Complete,https://cobbca.cobbcounty.org/CitizenAccess/Cap/CapDetail.aspx?Module=Building&TabName=Building&capID1=07BLD&capID2=00000&capID3=03666&agencyCode=COBBCO&IsToShowInspection=
12/19/2006,2006-014358,RENOVATIONS,"1825 BARRETT LAKE BLVD, 400, KENNESAW GA",Complete,https://cobbca.cobbcounty.org/CitizenAccess/Cap/CapDetail.aspx?Module=Building&TabName=Building&capID1=07BLD&capID2=00000&capID3=03665&agencyCode=COBBCO&IsToShowInspection=
12/19/2006,2006-014357,RENOVATION,"1690 ROBERTS BLVD, 112, KENNESAW GA",Complete,https://cobbca.cobbcounty.org/CitizenAccess/Cap/CapDetail.aspx?Module=Building&TabName=Building&capID1=07BLD&capID2=00000&capID3=03664&agencyCode=COBBCO&IsToShowInspection=
12/19/2006,2006-014356,MOVE-IN,"4501 CIRCLE 75 PKY, E-5105, ATLANTA GA",Complete,https://cobbca.cobbcounty.org/CitizenAccess/Cap/CapDetail.aspx?Module=Building&TabName=Building&capID1=07BLD&capID2=00000&capID3=03663&agencyCode=COBBCO&IsToShowInspection=
12/19/2006,2006-014355,RENOVATIONS,"4501 CIRCLE 75 PKY, E-5105, ATLANTA GA",Complete,https://cobbca.cobbcounty.org/CitizenAccess/Cap/CapDetail.aspx?Module=Building&TabName=Building&capID1=07BLD&capID2=00000&capID3=03662&agencyCode=COBBCO&IsToShowInspection=
12/19/2006,2006-014335,ELEC,"1650 BARNES MILL RD, MARIETTA GA",Complete,https://cobbca.cobbcounty.org/CitizenAccess/Cap/CapDetail.aspx?Module=Building&TabName=Building&capID1=07BLD&capID2=00000&capID3=03661&agencyCode=COBBCO&IsToShowInspection=
12/19/2006,2006-014326,RENOVATION,"1680 MULKEY RD, A, GA",Complete,https://cobbca.cobbcounty.org/CitizenAccess/Cap/CapDetail.aspx?Module=Building&TabName=Building&capID1=07BLD&capID2=00000&capID3=03659&agencyCode=COBBCO&IsToShowInspection=
12/19/2006,2006-014339,ADDITION,"436 SHEPPARD DR SW, MARIETTA GA",Complete,https://cobbca.cobbcounty.org/CitizenAccess/Cap/CapDetail.aspx?Module=Building&TabName=Building&capID1=07BHM&capID2=00000&capID3=00761&agencyCode=COBBCO&IsToShowInspection=
12/19/2006,2006-014348,BARRIER,"3655 TARN CT, MARIETTA GA",Complete,https://cobbca.cobbcounty.org/CitizenAccess/Cap/CapDetail.aspx?Module=Building&TabName=Building&capID1=07BHM&capID2=00000&capID3=00760&agencyCode=COBBCO&IsToShowInspection=
12/19/2006,2006-014372,SINGLE FAMILY STICK BUILT,"2440 NOELLE LN, U-2, POWDER SPRINGS GA",Complete,https://cobbca.cobbcounty.org/CitizenAccess/Cap/CapDetail.aspx?Module=Building&TabName=Building&capID1=07BHM&capID2=00000&capID3=00759&agencyCode=COBBCO&IsToShowInspection=
12/19/2006,2006-014371,SINGLE FAMILY STICK BUILT,"2310 MAGAW LN, POWDER SPRINGS GA",Complete,https://cobbca.cobbcounty.org/CitizenAccess/Cap/CapDetail.aspx?Module=Building&TabName=Building&capID1=07BHM&capID2=00000&capID3=00758&agencyCode=COBBCO&IsToShowInspection=
12/19/2006,2006-014373,STORAGE BLDG,"983 AZALEA CIR, MARIETTA GA",Expired,https://cobbca.cobbcounty.org/CitizenAccess/Cap/CapDetail.aspx?Module=Building&TabName=Building&capID1=06HST&capID2=00000&capID3=14822&agencyCode=COBBCO&IsToShowInspection=
12/19/2006,2006-014361,REPERMIT,"1312 GARRICK WAY, MARIETTA GA",Complete,https://cobbca.cobbcounty.org/CitizenAccess/Cap/CapDetail.aspx?Module=Building&TabName=Building&capID1=06HST&capID2=00000&capID3=14821&agencyCode=COBBCO&IsToShowInspection=
12/19/2006,2006-014370,SINGLE FAMILY STICK BUILT,"2335 MAGAW LN, POWDER SPRINGS GA",VOID,https://cobbca.cobbcounty.org/CitizenAccess/Cap/CapDetail.aspx?Module=Building&TabName=Building&capID1=06HST&capID2=00000&capID3=14802&agencyCode=COBBCO&IsToShowInspection=
12/19/2006,2006-014369,SUBDIVISION,"0 SIERRA DR/ECHO DR, GA",Expired,https://cobbca.cobbcounty.org/CitizenAccess/Cap/CapDetail.aspx?Module=Building&TabName=Building&capID1=06HST&capID2=00000&capID3=14801&agencyCode=COBBCO&IsToShowInspection=
12/19/2006,2006-014368,HEATING,"1900 CHEATHAM WOODS DR, MARIETTA GA",Expired,https://cobbca.cobbcounty.org/CitizenAccess/Cap/CapDetail.aspx?Module=Building&TabName=Building&capID1=06HST&capID2=00000&capID3=14800&agencyCode=COBBCO&IsToShowInspection=
12/19/2006,2006-014367,FOOTING AND FOUNDATION,"2230 NOELLE PL, U-II, POWDER SPRINGS GA",VOID,https://cobbca.cobbcounty.org/CitizenAccess/Cap/CapDetail.aspx?Module=Building&TabName=Building&capID1=06HST&capID2=00000&capID3=14799&agencyCode=COBBCO&IsToShowInspection=
12/19/2006,2006-014366,WALL SIGN,"2810 PACES FERRY RD STE D, 250, GA",Expired,https://cobbca.cobbcounty.org/CitizenAccess/Cap/CapDetail.aspx?Module=Building&TabName=Building&capID1=06HST&capID2=00000&capID3=14798&agencyCode=COBBCO&IsToShowInspection=
12/19/2006,2006-014365,DEMO,"2385 SEWELL MILL RD, GA",Expired,https://cobbca.cobbcounty.org/CitizenAccess/Cap/CapDetail.aspx?Module=Building&TabName=Building&capID1=06HST&capID2=00000&capID3=14797&agencyCode=COBBCO&IsToShowInspection=
12/19/2006,2006-014364,PLUM,"1883 CLEARWATER DR, MARIETTA GA",Expired,https://cobbca.cobbcounty.org/CitizenAccess/Cap/CapDetail.aspx?Module=Building&TabName=Building&capID1=06HST&capID2=00000&capID3=14796&agencyCode=COBBCO&IsToShowInspection=
12/19/2006,2006-014354,POOL,"1942 FOUR SEASON DR, MARIETTA GA",Complete,https://cobbca.cobbcounty.org/CitizenAccess/Cap/CapDetail.aspx?Module=Building&TabName=Building&capID1=06HST&capID2=00000&capID3=14795&agencyCode=COBBCO&IsToShowInspection=
12/19/2006,2006-014353,BARRIER,"1942 FOUR SEASONS DR, MARIETTA GA",Expired,https://cobbca.cobbcounty.org/CitizenAccess/Cap/CapDetail.aspx?Module=Building&TabName=Building&capID1=06HST&capID2=00000&capID3=14794&agencyCode=COBBCO&IsToShowInspection=
12/19/2006,2006-014352,POOL,"2615 RESTORATION DR, POWDER SPRINGS GA",Complete,https://cobbca.cobbcounty.org/CitizenAccess/Cap/CapDetail.aspx?Module=Building&TabName=Building&capID1=06HST&capID2=00000&capID3=14793&agencyCode=COBBCO&IsToShowInspection=
12/19/2006,2006-014351,BARRIER,"2615 RESTORATION DR, POWDER SPRINGS GA",VOID,https://cobbca.cobbcounty.org/CitizenAccess/Cap/CapDetail.aspx?Module=Building&TabName=Building&capID1=06HST&capID2=00000&capID3=14792&agencyCode=COBBCO&IsToShowInspection=
12/19/2006,2006-014350,MODEL HOME BSMT,"2159 WHITEHALL CT, Model, SMYRNA GA",VOID,https://cobbca.cobbcounty.org/CitizenAccess/Cap/CapDetail.aspx?Module=Building&TabName=Building&capID1=06HST&capID2=00000&capID3=14791&agencyCode=COBBCO&IsToShowInspection=
12/19/2006,2006-014349,POOL,"3655 TARN CT, MARIETTA GA",Complete,https://cobbca.cobbcounty.org/CitizenAccess/Cap/CapDetail.aspx?Module=Building&TabName=Building&capID1=06HST&capID2=00000&capID3=14790&agencyCode=COBBCO&IsToShowInspection=
12/19/2006,2006-014347,DUMPSTER ENCLOSER,"745 CHASTAIN RD, KENNESAW GA 30144 GA",Expired,https://cobbca.cobbcounty.org/CitizenAccess/Cap/CapDetail.aspx?Module=Building&TabName=Building&capID1=06HST&capID2=00000&capID3=14789&agencyCode=COBBCO&IsToShowInspection=
12/19/2006,2006-014346,DUMPSTER ENCLOSER,"745 CHASTAIN RD, KENNESAW GA 30144 GA",Expired,https://cobbca.cobbcounty.org/CitizenAccess/Cap/CapDetail.aspx?Module=Building&TabName=Building&capID1=06HST&capID2=00000&capID3=14788&agencyCode=COBBCO&IsToShowInspection=
12/19/2006,2006-014345,POOL,"848 BARN OWL RD, MARIETTA GA",Expired,https://cobbca.cobbcounty.org/CitizenAccess/Cap/CapDetail.aspx?Module=Building&TabName=Building&capID1=06HST&capID2=00000&capID3=14787&agencyCode=COBBCO&IsToShowInspection=
12/19/2006,2006-014344,BARRIER,"848 BARN OWL RD, MARIETTA GA",Expired,https://cobbca.cobbcounty.org/CitizenAccess/Cap/CapDetail.aspx?Module=Building&TabName=Building&capID1=06HST&capID2=00000&capID3=14786&agencyCode=COBBCO&IsToShowInspection=
12/19/2006,2006-014342,WALL SIGN,"2000 POWERS FERRY RD, 2-6, MARIETTA GA",Expired,https://cobbca.cobbcounty.org/CitizenAccess/Cap/CapDetail.aspx?Module=Building&TabName=Building&capID1=06HST&capID2=00000&capID3=14785&agencyCode=COBBCO&IsToShowInspection=
12/19/2006,2006-014341,PLUM,"2345 BRAY CT, MARIETTA GA",Complete,https://cobbca.cobbcounty.org/CitizenAccess/Cap/CapDetail.aspx?Module=Building&TabName=Building&capID1=06HST&capID2=00000&capID3=14784&agencyCode=COBBCO&IsToShowInspection=
12/19/2006,2006-014340,HEAT,"5320 TALL OAK DR, MARIETTA GA",Expired,https://cobbca.cobbcounty.org/CitizenAccess/Cap/CapDetail.aspx?Module=Building&TabName=Building&capID1=06HST&capID2=00000&capID3=14783&agencyCode=COBBCO&IsToShowInspection=
12/19/2006,2006-014338,ELEVATOR SHAFT,"1283 LAUREL SUMMIT DR, SMYRNA GA",VOID,https://cobbca.cobbcounty.org/CitizenAccess/Cap/CapDetail.aspx?Module=Building&TabName=Building&capID1=06HST&capID2=00000&capID3=14782&agencyCode=COBBCO&IsToShowInspection=
12/19/2006,2006-014337,IN LAW SUITE,"327 SMYRNA POWDER SPRINGS RD, MARIETTA GA",VOID,https://cobbca.cobbcounty.org/CitizenAccess/Cap/CapDetail.aspx?Module=Building&TabName=Building&capID1=06HST&capID2=00000&capID3=14781&agencyCode=COBBCO&IsToShowInspection=
12/19/2006,2006-014336,DEMO,"4955 OLD STILESBORO RD, ACWORTH GA",Complete,https://cobbca.cobbcounty.org/CitizenAccess/Cap/CapDetail.aspx?Module=Building&TabName=Building&capID1=06HST&capID2=00000&capID3=14780&agencyCode=COBBCO&IsToShowInspection=
12/19/2006,2006-014334,WALL SIGN,"150 RIVERSIDE PKY, AUSTELL GA",Expired,https://cobbca.cobbcounty.org/CitizenAccess/Cap/CapDetail.aspx?Module=Building&TabName=Building&capID1=06HST&capID2=00000&capID3=14776&agencyCode=COBBCO&IsToShowInspection=
12/19/2006,2006-014333,SPDS,"4395 S ATLANTA RD, GA",Expired,https://cobbca.cobbcounty.org/CitizenAccess/Cap/CapDetail.aspx?Module=Building&TabName=Building&capID1=06HST&capID2=00000&capID3=14775&agencyCode=COBBCO&IsToShowInspection=
12/19/2006,2006-014332,REPERMIT,"1283 LAUREL SUMMIT DR, SMYRNA GA",VOID,https://cobbca.cobbcounty.org/CitizenAccess/Cap/CapDetail.aspx?Module=Building&TabName=Building&capID1=06HST&capID2=00000&capID3=14774&agencyCode=COBBCO&IsToShowInspection=
12/19/2006,2006-014331,REPERMIT,"3905 FORT TRL, ROSWELL GA",VOID,https://cobbca.cobbcounty.org/CitizenAccess/Cap/CapDetail.aspx?Module=Building&TabName=Building&capID1=06HST&capID2=00000&capID3=14773&agencyCode=COBBCO&IsToShowInspection=
12/19/2006,2006-014330,REPERMIT,"1691 OLD CANTON RD, MARIETTA GA",VOID,https://cobbca.cobbcounty.org/CitizenAccess/Cap/CapDetail.aspx?Module=Building&TabName=Building&capID1=06HST&capID2=00000&capID3=14772&agencyCode=COBBCO&IsToShowInspection=
12/19/2006,2006-014329,ADDITION REMODEL,"2001 MERCER RD, SMYRNA GA",VOID,https://cobbca.cobbcounty.org/CitizenAccess/Cap/CapDetail.aspx?Module=Building&TabName=Building&capID1=06HST&capID2=00000&capID3=14771&agencyCode=COBBCO&IsToShowInspection=
12/19/2006,2006-014328,DEMO,"939 OLD POWDER SPRINGS RD, MABLETON GA",Expired,https://cobbca.cobbcounty.org/CitizenAccess/Cap/CapDetail.aspx?Module=Building&TabName=Building&capID1=06HST&capID2=00000&capID3=14770&agencyCode=COBBCO&IsToShowInspection=
12/19/2006,2006-014327,FREESTANDING,"1815 SOUTH COBB DR, 102, MARIETTA GA",Expired,https://cobbca.cobbcounty.org/CitizenAccess/Cap/CapDetail.aspx?Module=Building&TabName=Building&capID1=06HST&capID2=00000&capID3=14769&agencyCode=COBBCO&IsToShowInspection=
12/19/2006,2006-014325,ADDITION RENOVATIONS,"5476 WRIGHT RD, POWDER SPRINGS GA",VOID,https://cobbca.cobbcounty.org/CitizenAccess/Cap/CapDetail.aspx?Module=Building&TabName=Building&capID1=06HST&capID2=00000&capID3=14768&agencyCode=COBBCO&IsToShowInspection=
12/19/2006,2006-014324,freestanding,"2255 SEWELL MILL RD BLDG I, MARIETTA GA",Expired,https://cobbca.cobbcounty.org/CitizenAccess/Cap/CapDetail.aspx?Module=Building&TabName=Building&capID1=06HST&capID2=00000&capID3=14767&agencyCode=COBBCO&IsToShowInspection=
12/19/2006,2006-014323,REPERMIT,"1669 FERNSTONE DR, 15U, ACWORTH GA",Complete,https://cobbca.cobbcounty.org/CitizenAccess/Cap/CapDetail.aspx?Module=Building&TabName=Building&capID1=06HST&capID2=00000&capID3=14766&agencyCode=COBBCO&IsToShowInspection=
12/19/2006,2006-014322,DECK REBUILD,"235 CLUB RIDGE DR, GA",Complete,https://cobbca.cobbcounty.org/CitizenAccess/Cap/CapDetail.aspx?Module=Building&TabName=Building&capID1=06HST&capID2=00000&capID3=14765&agencyCode=COBBCO&IsToShowInspection=
12/19/2006,2006-014321,ELECTRIC,"2500 TRENT DR, MARIETTA GA",Expired,https://cobbca.cobbcounty.org/CitizenAccess/Cap/CapDetail.aspx?Module=Building&TabName=Building&capID1=06HST&capID2=00000&capID3=14764&agencyCode=COBBCO&IsToShowInspection=
