Serial No:,District Name,BLOCK NAME,VILLAGE NAME,SHG NAME,FORMATION DATE,TOTAL COUNT MEMBER
1,BEGUSARAI,Khudaband,Daulatpur,Saraswati,14-Mar-14,10
2,BEGUSARAI,Khudaband,Sagi,Ujagar,03-Dec-14,12
3,BEGUSARAI,Khudaband,Bariarpur,Vishwakarma,14-Aug-14,12
4,BEGUSARAI,Khudaband,Bariarpur,Jyoti16/08/20,16-Aug-14,11
5,BEGUSARAI,Khudaband,Bariarpur,Maa Saraswati,01-Apr-14,14
6,BEGUSARAI,Khudaband,Bariarpur,Sitaram,21-Mar-14,10
7,BEGUSARAI,Khudaband,Bariarpur,Krishna,20-Feb-14,12
8,BEGUSARAI,Khudaband,Bariarpur,Maa Sharde,18-Feb-14,13
9,BEGUSARAI,Khudaband,Bariarpur,Ohm,20-Feb-14,12
10,BEGUSARAI,Khudaband,Bariarpur,Mahadev,19-Feb-14,12
11,BEGUSARAI,Khudaband,Bariarpur,Durga,19-Feb-14,10
12,BEGUSARAI,Khudaband,Bariarpur,Bharat,29-Aug-14,11
13,BEGUSARAI,Khudaband,Bariarpur,Puja,29-Jul-14,11
14,BEGUSARAI,Khudaband,Bariarpur,Chameli,30-Jun-14,11
15,BEGUSARAI,Khudaband,Matihani,Mahavir,04-Mar-14,10
16,BEGUSARAI,Khudaband,Matihani,Shankar,21-Mar-14,11
17,BEGUSARAI,Khudaband,Daulatpur,Chandani,15-May-14,13
18,BEGUSARAI,Khudaband,Bara,Puja,28-Aug-14,10
19,BEGUSARAI,Khudaband,Narayanpur,Lakshmi,04-Dec-14,13
20,BEGUSARAI,Khudaband,Phaphot,Dil Khush,12-Jan-17,12
21,BEGUSARAI,Khudaband,Bara,Mehndi,07-Aug-14,11
22,BEGUSARAI,Khudaband,Phaphot,Santoshi,29-Jul-14,12
23,BEGUSARAI,Khudaband,Meghaul,Sapna,08-Oct-14,12
24,BEGUSARAI,Khudaband,Begampur,Santoshi,25-Feb-14,10
25,BEGUSARAI,Khudaband,Phaphot,Varsha Rani,29-Dec-16,12
26,BEGUSARAI,Khudaband,Phaphot,Krishna,29-Jul-15,14
27,BEGUSARAI,Khudaband,Bara,Radha,30-Jun-14,14
28,BEGUSARAI,Khudaband,Phaphot,Lavali,18-Jan-17,11
29,BEGUSARAI,Khudaband,Bedaulia,Parvati,01-Aug-14,11
30,BEGUSARAI,Khudaband,Bedaulia,Kamal,18-Feb-14,14
31,BEGUSARAI,Khudaband,Bedaulia,Durga,17-Feb-14,13
32,BEGUSARAI,Khudaband,Bedaulia,Kalash,01-Feb-16,11
33,BEGUSARAI,Khudaband,Bedaulia,Sakshi,07-Feb-17,10
34,BEGUSARAI,Khudaband,Bedaulia,Vikas,26-Dec-16,11
35,BEGUSARAI,Khudaband,Bedaulia,Punam,21-Dec-16,11
36,BEGUSARAI,Khudaband,Bedaulia,Anjali,23-Dec-16,11
37,BEGUSARAI,Khudaband,Meghaul,Saraswati,30-Jun-14,11
38,BEGUSARAI,Khudaband,Meghaul,Radha,24-Sep-14,12
39,BEGUSARAI,Khudaband,Khodawand,Ram,13-Mar-14,11
40,BEGUSARAI,Khudaband,Khodawand,Hanuman,12-Mar-14,12
41,BEGUSARAI,Khudaband,Khodawand,Tulsi,12-Mar-14,12
42,BEGUSARAI,Khudaband,Khodawand,Kali 12032014,12-Mar-14,12
43,BEGUSARAI,Khudaband,Khodawand,Jagdamba,10-Mar-14,11
44,BEGUSARAI,Khudaband,Khodawand,Durga,05-Mar-14,12
45,BEGUSARAI,Khudaband,Khodawand,Chameli,01-Mar-14,12
46,BEGUSARAI,Khudaband,Khodawand,Khushi,01-Mar-14,10
47,BEGUSARAI,Khudaband,Bara,Krishna,08-Mar-14,13
48,BEGUSARAI,Khudaband,Daulatpur,Ganesh,18-Feb-14,12
49,BEGUSARAI,Khudaband,Daulatpur,Kiran,18-Feb-14,11
50,BEGUSARAI,Khudaband,Daulatpur,Kali,23-Feb-14,12
51,BEGUSARAI,Khudaband,Daulatpur,Muskan,12-Feb-15,12
52,BEGUSARAI,Khudaband,Meghaul,Krishna,11-Sep-14,15
53,BEGUSARAI,Khudaband,Begampur,Lakshmi,25-Feb-14,12
54,BEGUSARAI,Khudaband,Bara,Saraswati,11-Apr-14,11
55,BEGUSARAI,Khudaband,Begampur,Vishwakarma,18-Aug-14,12
56,BEGUSARAI,Khudaband,Matihani,Phul,21-Mar-14,10
57,BEGUSARAI,Khudaband,Matihani,Santosh21062,21-Jun-17,15
58,BEGUSARAI,Khudaband,Begampur,Maa Kali,13-Aug-16,13
59,BEGUSARAI,Khudaband,Matihani,Jyoti,18-Feb-14,11
60,BEGUSARAI,Khudaband,Bara,Chand,07-Mar-14,11
61,BEGUSARAI,Khudaband,Matihani,Shiv,17-Feb-14,13
62,BEGUSARAI,Khudaband,Mirzapur,Naina,11-Dec-18,11
63,BEGUSARAI,Khudaband,Bara,Saheli,05-May-19,11
64,BEGUSARAI,Khudaband,Begampur,Raushani,26-Mar-15,12
65,BEGUSARAI,Khudaband,Bara,Anshu,06-Jan-18,10
66,BEGUSARAI,Khudaband,Bara,Gulab,07-Mar-14,11
67,BEGUSARAI,Khudaband,Bara,Sapna,04-Mar-14,12
68,BEGUSARAI,Khudaband,Bara,Lakshmi,19-Feb-14,10
69,BEGUSARAI,Khudaband,Bara,Gayatri,19-Feb-14,12
70,BEGUSARAI,Khudaband,Meghaul,Tara,31-Jul-14,15
71,BEGUSARAI,Khudaband,Meghaul,Mahadev,06-Sep-14,12
72,BEGUSARAI,Khudaband,Meghaul,Mata Lakshmi,09-Sep-14,11
73,BEGUSARAI,Khudaband,Meghaul,Shiv,07-Mar-14,15
74,BEGUSARAI,Khudaband,Bariarpur,Saloni,05-Aug-19,10
75,BEGUSARAI,Khudaband,Bara,Keshav,06-Mar-18,10
76,BEGUSARAI,Khudaband,Bariarpur,Himanshu,05-Aug-19,14
77,BEGUSARAI,Khudaband,Bara,Akash,27-Dec-17,10
78,BEGUSARAI,Khudaband,Bara,Sanu,03-Jan-18,11
79,BEGUSARAI,Khudaband,Bariarpur,Bolbam,18-Feb-14,12
80,BEGUSARAI,Khudaband,Phaphot,Durga,01-Jan-17,10
81,BEGUSARAI,Khudaband,Phaphot,Mala1603201,16-Mar-16,11
82,BEGUSARAI,Khudaband,Phaphot,Husnu25/12/,25-Dec-16,12
83,BEGUSARAI,Khudaband,Phaphot,Ujala,07-Jan-17,10
84,BEGUSARAI,Khudaband,Phaphot,Gulab01/03/2,01-Mar-14,15
85,BEGUSARAI,Khudaband,Khodawand,Puja,15-Nov-14,12
86,BEGUSARAI,Khudaband,Khodawand,Parmeshwar,17-Nov-14,14
87,BEGUSARAI,Khudaband,Khodawand,Prabhu,13-Nov-14,12
88,BEGUSARAI,Khudaband,Khodawand,Saraswati,09-Nov-14,11
89,BEGUSARAI,Khudaband,Khodawand,Mahadev,25-Apr-14,12
90,BEGUSARAI,Khudaband,Khodawand,Hasan,06-Nov-14,12
91,BEGUSARAI,Khudaband,Khodawand,Rishi,06-Dec-14,10
92,BEGUSARAI,Khudaband,Khodawand,Maa Ganga,05-Dec-14,10
93,BEGUSARAI,Khudaband,Khodawand,Maa Lakshmi,05-Dec-14,10
94,BEGUSARAI,Khudaband,Khodawand,Yamuna,05-Dec-14,13
95,BEGUSARAI,Khudaband,Khodawand,Savitri,16-Nov-14,12
96,BEGUSARAI,Khudaband,Khodawand,Maa Jagdamba,05-Dec-14,10
97,BEGUSARAI,Khudaband,Khodawand,Varsha,12-Mar-15,12
98,BEGUSARAI,Khudaband,Meghaul,Lakshmi,17-Feb-14,13
99,BEGUSARAI,Khudaband,Khodawand,Mausam07/03,07-Mar-15,10
100,BEGUSARAI,Khudaband,Khodawand,Himani,11-Mar-15,12
101,BEGUSARAI,Khudaband,Khodawand,Lakshmi,07-Feb-15,10
102,BEGUSARAI,Khudaband,Khodawand,Kamal,30-Jan-15,13
103,BEGUSARAI,Khudaband,Khodawand,Roshani,29-Jan-15,15
104,BEGUSARAI,Khudaband,Khodawand,Aarti,10-Jan-15,11
105,BEGUSARAI,Khudaband,Khodawand,Maa Kali,07-Dec-14,15
106,BEGUSARAI,Khudaband,Khodawand,Krishna,24-Dec-14,11
107,BEGUSARAI,Khudaband,Khodawand,Sagar,03-Dec-14,12
108,BEGUSARAI,Khudaband,Bara,Bandhan,19-Sep-14,13
109,BEGUSARAI,Khudaband,Narayanpur,Saraswati,06-Dec-14,11
110,BEGUSARAI,Khudaband,Narullahpur,Santoshi,09-Mar-15,11
111,BEGUSARAI,Khudaband,Narullahpur,Chandani,10-Mar-15,12
112,BEGUSARAI,Khudaband,Sagi,Aarti,02-Feb-15,12
113,BEGUSARAI,Khudaband,Narullahpur,Gulab,02-Feb-15,15
114,BEGUSARAI,Khudaband,Narayanpur,Gulab,05-Feb-15,11
115,BEGUSARAI,Khudaband,Narayanpur,Rani,10-Feb-15,12
116,BEGUSARAI,Khudaband,Narullahpur,Amba,03-Feb-15,13
117,BEGUSARAI,Khudaband,Narayanpur,Muskan,01-Jan-17,12
118,BEGUSARAI,Khudaband,Narullahpur,786,01-Jan-15,11
119,BEGUSARAI,Khudaband,Narayanpur,Krishna,01-Jan-15,12
120,BEGUSARAI,Khudaband,Narullahpur,Khushbu,09-Jan-15,12
121,BEGUSARAI,Khudaband,Narullahpur,Gulab,09-Jan-15,12
122,BEGUSARAI,Khudaband,Narullahpur,Saraswati,16-Jan-15,11
123,BEGUSARAI,Khudaband,Narullahpur,Sabera,17-Jan-15,15
124,BEGUSARAI,Khudaband,Sagi,Durga 2,02-Dec-14,11
125,BEGUSARAI,Khudaband,Narullahpur,Tulsi,19-Jan-15,12
126,BEGUSARAI,Khudaband,Narullahpur,Khuda,02-May-15,11
127,BEGUSARAI,Khudaband,Narayanpur,Janki,02-Sep-15,11
128,BEGUSARAI,Khudaband,Sagi,Akansha,05-Dec-14,10
129,BEGUSARAI,Khudaband,Khodawand,Bhawani,03-Dec-14,13
130,BEGUSARAI,Khudaband,Khodawand,Anand,06-Dec-14,15
131,BEGUSARAI,Khudaband,Khodawand,Devi,06-Dec-14,14
132,BEGUSARAI,Khudaband,Khodawand,Khwatine,03-Dec-14,14
133,BEGUSARAI,Khudaband,Bara,Bhagwati,18-Jan-14,12
134,BEGUSARAI,Khudaband,Mirzapur,Durga,27-Sep-14,12
135,BEGUSARAI,Khudaband,Mirzapur,Devirani,13-Oct-14,10
136,BEGUSARAI,Khudaband,Mirzapur,Shiv,24-Sep-14,10
137,BEGUSARAI,Khudaband,Meghaul,Kanak120420,12-Apr-18,12
138,BEGUSARAI,Khudaband,Meghaul,Aasman,07-Feb-16,10
139,BEGUSARAI,Khudaband,Meghaul,Maa,07-Feb-15,12
140,BEGUSARAI,Khudaband,Meghaul,Phul,03-Feb-15,10
141,BEGUSARAI,Khudaband,Meghaul,Hira,27-Jan-15,10
142,BEGUSARAI,Khudaband,Meghaul,Gauri,06-Jan-15,12
143,BEGUSARAI,Khudaband,Meghaul,Gagan,07-Jan-15,11
144,BEGUSARAI,Khudaband,Meghaul,Jai Maa Durga,06-Aug-19,11
145,BEGUSARAI,Khudaband,Meghaul,Aman,07-Dec-14,11
146,BEGUSARAI,Khudaband,Meghaul,Chaman,06-Dec-14,12
147,BEGUSARAI,Khudaband,Meghaul,Seeta,06-Dec-14,10
148,BEGUSARAI,Khudaband,Meghaul,Chand,05-Dec-14,10
149,BEGUSARAI,Khudaband,Meghaul,Sri Ram,04-Dec-14,12
150,BEGUSARAI,Khudaband,Meghaul,Gulab,26-Aug-15,12
151,BEGUSARAI,Khudaband,Meghaul,Vaishno,23-Jul-15,10
152,BEGUSARAI,Khudaband,Meghaul,Maa Sharde,16-Jul-15,10
153,BEGUSARAI,Khudaband,Bedaulia,Gaytari,04-Sep-14,11
154,BEGUSARAI,Khudaband,Phaphot,Khushbu,06-Oct-14,10
155,BEGUSARAI,Khudaband,Phaphot,Geeta,02-Dec-14,12
156,BEGUSARAI,Khudaband,Phaphot,Indira,02-Dec-14,11
157,BEGUSARAI,Khudaband,Malpur,Radha,16-Sep-15,14
158,BEGUSARAI,Khudaband,Malpur,Raushani,05-Feb-15,13
159,BEGUSARAI,Khudaband,Phaphot,Khushbu,21-Jun-14,13
160,BEGUSARAI,Khudaband,Phaphot,Muskan,06-Oct-14,10
161,BEGUSARAI,Khudaband,Malpur,Chanda,13-Feb-15,12
162,BEGUSARAI,Khudaband,Matihani,Shivguru,27-Sep-14,10
163,BEGUSARAI,Khudaband,Matihani,Satyaguru,07-Oct-14,10
164,BEGUSARAI,Khudaband,Mohanpur,Bhagwati,01-Jan-15,13
165,BEGUSARAI,Khudaband,Mohanpur,Shiv,02-Sep-17,11
166,BEGUSARAI,Khudaband,Mohanpur,Ganesh,02-Jan-15,11
167,BEGUSARAI,Khudaband,Mohanpur,Durga,02-Jan-15,11
168,BEGUSARAI,Khudaband,Mohanpur,Kali,16-Jan-15,11
169,BEGUSARAI,Khudaband,Mohanpur,Aaraju,18-Aug-14,11
170,BEGUSARAI,Khudaband,Begampur,Radha,22-Jan-15,11
171,BEGUSARAI,Khudaband,Daulatpur,Maa Lakshmi,10-May-15,12
172,BEGUSARAI,Khudaband,Mohanpur,Lakshmi10/12,10-Dec-14,12
173,BEGUSARAI,Khudaband,Mohanpur,Ram13/12/20,13-Dec-14,13
174,BEGUSARAI,Khudaband,Begampur,Phul,15-Sep-15,10
175,BEGUSARAI,Khudaband,Begampur,Komal,15-Sep-15,12
176,BEGUSARAI,Khudaband,Daulatpur,Sri Ram,20-Dec-14,15
177,BEGUSARAI,Khudaband,Daulatpur,Bhagwati,02-Feb-15,12
178,BEGUSARAI,Khudaband,Daulatpur,Durga,02-Feb-15,12
179,BEGUSARAI,Khudaband,Mohanpur,Gulab,04-Feb-15,11
180,BEGUSARAI,Khudaband,Mohanpur,Sita,17-Dec-14,11
181,BEGUSARAI,Khudaband,Mohanpur,Mahadev,17-Nov-14,13
182,BEGUSARAI,Khudaband,Mohanpur,Radha,17-Nov-14,13
183,BEGUSARAI,Khudaband,Mohanpur,Vandana,18-Nov-14,12
184,BEGUSARAI,Khudaband,Mohanpur,Ganpati,18-Nov-14,12
185,BEGUSARAI,Khudaband,Mohanpur,Vishnu,18-Nov-14,12
186,BEGUSARAI,Khudaband,Mohanpur,Sanjana19/11,19-Nov-14,12
187,BEGUSARAI,Khudaband,Begampur,Parvati,17-Oct-14,12
188,BEGUSARAI,Khudaband,Mohanpur,Gayatri,19-Nov-14,11
189,BEGUSARAI,Khudaband,Daulatpur,Archana,12-Dec-14,14
190,BEGUSARAI,Khudaband,Daulatpur,Gulab,13-Sep-14,11
191,BEGUSARAI,Khudaband,Bariarpur,Mini,01-Nov-14,11
192,BEGUSARAI,Khudaband,Bariarpur,Lakshmi,03-Nov-14,13
193,BEGUSARAI,Khudaband,Bariarpur,Saheli,22-Nov-14,13
194,BEGUSARAI,Khudaband,Bariarpur,Chand,15-Nov-15,12
195,BEGUSARAI,Khudaband,Bariarpur,Sapna,05-Jun-19,12
196,BEGUSARAI,Khudaband,Bariarpur,Gulab,24-Dec-16,10
197,BEGUSARAI,Khudaband,Bariarpur,Geeta,17-Feb-14,12
198,BEGUSARAI,Khudaband,Bariarpur,Jai Mata,15-Apr-16,11
199,BEGUSARAI,Khudaband,Phaphot,Kajal,15-Nov-19,14
200,BEGUSARAI,Khudaband,Sagi,Priyanka,17-Jan-19,10
201,BEGUSARAI,Khudaband,Bariarpur,Aarti,03-Jan-15,10
202,BEGUSARAI,Khudaband,Bariarpur,Shanti,14-Mar-17,10
203,BEGUSARAI,Khudaband,Bariarpur,Akash,03-Nov-17,10
204,BEGUSARAI,Khudaband,Meghaul,Ganapati,29-Jul-15,10
205,BEGUSARAI,Khudaband,Bariarpur,Vishnu,30-Nov-15,12
206,BEGUSARAI,Khudaband,Bariarpur,Kangan,25-Dec-17,13
207,BEGUSARAI,Khudaband,Khodawand,Komal,23-Nov-19,10
208,BEGUSARAI,Khudaband,Bariarpur,Mahadev,28-Jan-15,11
209,BEGUSARAI,Khudaband,Bariarpur,Nidhi,02-Dec-14,12
210,BEGUSARAI,Khudaband,Bariarpur,Aradhana04/0,04-Jun-18,10
211,BEGUSARAI,Khudaband,Bariarpur,Hanuman,29-Nov-14,12
212,BEGUSARAI,Khudaband,Bariarpur,Keshav,24-Nov-14,11
213,BEGUSARAI,Khudaband,Bariarpur,Shankar,06-Nov-14,13
214,BEGUSARAI,Khudaband,Bariarpur,Rahmat,15-Nov-14,13
215,BEGUSARAI,Khudaband,Bariarpur,Gayatri,06-Nov-14,10
216,BEGUSARAI,Khudaband,Bariarpur,Maa,16-May-18,10
217,BEGUSARAI,Khudaband,Bariarpur,Chameli,24-Dec-16,10
218,BEGUSARAI,Khudaband,Bariarpur,Shiv,05-Nov-14,12
219,BEGUSARAI,Khudaband,Bariarpur,Nabi,21-Dec-16,12
220,BEGUSARAI,Khudaband,Daulatpur,Seeta,02-Mar-15,12
221,BEGUSARAI,Khudaband,Daulatpur,Mahadev,01-Feb-15,12
222,BEGUSARAI,Khudaband,Daulatpur,Lakshmi,01-Feb-15,12
223,BEGUSARAI,Khudaband,Daulatpur,Saraswati,01-Feb-15,12
224,BEGUSARAI,Khudaband,Daulatpur,Parvati,03-Feb-15,12
225,BEGUSARAI,Khudaband,Daulatpur,Bajrangbali,03-Feb-15,12
226,BEGUSARAI,Khudaband,Daulatpur,Chandani,03-Feb-15,12
227,BEGUSARAI,Khudaband,Daulatpur,Radha,04-Feb-15,12
228,BEGUSARAI,Khudaband,Daulatpur,Sapna,04-Feb-15,12
229,BEGUSARAI,Khudaband,Daulatpur,Bandana,04-Feb-15,12
230,BEGUSARAI,Khudaband,Phaphot,Pavan,09-Aug-14,12
231,BEGUSARAI,Khudaband,Phaphot,Seeta,25-Dec-14,10
232,BEGUSARAI,Khudaband,Phaphot,Aarti,10-Sep-14,11
233,BEGUSARAI,Khudaband,Phaphot,Radhe,17-Oct-14,10
234,BEGUSARAI,Khudaband,Phaphot,Maa,09-Aug-14,12
235,BEGUSARAI,Khudaband,Phaphot,Mata Seeta,22-Jan-17,12
236,BEGUSARAI,Khudaband,Phaphot,Janki,05-Sep-14,12
237,BEGUSARAI,Khudaband,Phaphot,Maa,09-Aug-14,12
238,BEGUSARAI,Khudaband,Khodawand,Chanda,11-Apr-14,11
239,BEGUSARAI,Khudaband,Khodawand,Mahesh,18-Oct-14,11
240,BEGUSARAI,Khudaband,Phaphot,Varsha,02-Feb-16,14
241,BEGUSARAI,Khudaband,Phaphot,Annu,21-Jan-16,10
242,BEGUSARAI,Khudaband,Phaphot,Sheetal,30-Jan-16,10
243,BEGUSARAI,Khudaband,Matihani,Ohm,02-Jan-16,10
244,BEGUSARAI,Khudaband,Matihani,Namah Shivay,02-Jan-16,10
245,BEGUSARAI,Khudaband,Matihani,Komal,07-Mar-16,10
246,BEGUSARAI,Khudaband,Malpur,Shweta,06-Apr-16,14
247,BEGUSARAI,Khudaband,Meghaul,Chandani,13-Jul-15,10
248,BEGUSARAI,Khudaband,Meghaul,Ujala23/11/20,23-Nov-15,13
249,BEGUSARAI,Khudaband,Meghaul,Kali,07-Aug-15,14
250,BEGUSARAI,Khudaband,Meghaul,Mahaveer,08-Sep-15,10
251,BEGUSARAI,Khudaband,Meghaul,Kaveri23/04/,23-Apr-18,11
252,BEGUSARAI,Khudaband,Meghaul,Shivguru,16-Aug-15,10
253,BEGUSARAI,Khudaband,Meghaul,Rohini29/09/,29-Sep-15,12
254,BEGUSARAI,Khudaband,Meghaul,Savitri11/01/,11-Jan-16,10
255,BEGUSARAI,Khudaband,Meghaul,Satyavan,06-Jan-16,14
256,BEGUSARAI,Khudaband,Meghaul,Amrit,03-Dec-15,10
257,BEGUSARAI,Khudaband,Meghaul,Vaishno,18-Nov-15,14
258,BEGUSARAI,Khudaband,Meghaul,Narayan03/12,03-Dec-15,11
259,BEGUSARAI,Khudaband,Meghaul,Parvati210820,21-Aug-15,11
260,BEGUSARAI,Khudaband,Meghaul,Vaidehi06/01/,29-Jul-16,14
261,BEGUSARAI,Khudaband,Meghaul,Prashant,02-Sep-17,11
262,BEGUSARAI,Khudaband,Meghaul,Shyam11/01/,11-Jan-16,11
263,BEGUSARAI,Khudaband,Meghaul,Mahadev,17-Jul-15,11
264,BEGUSARAI,Khudaband,Bedaulia,Krishna,25-Jul-15,10
265,BEGUSARAI,Khudaband,Bedaulia,Ganga,20-Aug-15,12
266,BEGUSARAI,Khudaband,Bedaulia,Radhika,25-Jul-15,12
267,BEGUSARAI,Khudaband,Bedaulia,Meera,18-Aug-15,13
268,BEGUSARAI,Khudaband,Bedaulia,Janki,18-Aug-15,12
269,BEGUSARAI,Khudaband,Bedaulia,Santoshi,03-Jul-15,12
270,BEGUSARAI,Khudaband,Sagi,Rekha,14-Jul-14,11
271,BEGUSARAI,Khudaband,Sagi,Maha Lakshmi,18-Apr-14,13
272,BEGUSARAI,Khudaband,Sagi,Archana,19-May-14,11
273,BEGUSARAI,Khudaband,Sagi,Mahadev,16-Feb-15,11
274,BEGUSARAI,Khudaband,Sagi,Raushan,21-Jul-15,12
275,BEGUSARAI,Khudaband,Sagi,Ganesh,10-Aug-15,13
276,BEGUSARAI,Khudaband,Sagi,Chand,01-Sep-15,11
277,BEGUSARAI,Khudaband,Sagi,Bharti,29-Dec-15,13
278,BEGUSARAI,Khudaband,Sagi,Kalpana,05-May-14,12
279,BEGUSARAI,Khudaband,Sagi,Aayush,14-Aug-15,12
280,BEGUSARAI,Khudaband,Sagi,Raja Jee,14-Aug-15,11
281,BEGUSARAI,Khudaband,Sagi,Vikas,10-Feb-14,14
282,BEGUSARAI,Khudaband,Sagi,Seeta,16-Feb-15,12
283,BEGUSARAI,Khudaband,Narayanpur,Sangam,04-Sep-15,12
284,BEGUSARAI,Khudaband,Narayanpur,Mohan,24-Jul-15,13
285,BEGUSARAI,Khudaband,Narayanpur,Devi,27-Aug-15,12
286,BEGUSARAI,Khudaband,Narayanpur,Veena,08-Nov-17,12
287,BEGUSARAI,Khudaband,Bariarpur,Kanhaiya,15-Aug-18,11
288,BEGUSARAI,Khudaband,Begampur,Krishna,06-Apr-16,12
289,BEGUSARAI,Khudaband,Daulatpur,Bhawani,07-Nov-15,13
290,BEGUSARAI,Khudaband,Daulatpur,Sahara,09-Oct-15,13
291,BEGUSARAI,Khudaband,Daulatpur,Mahadev,03-Oct-15,12
292,BEGUSARAI,Khudaband,Daulatpur,Milan,01-Oct-15,11
293,BEGUSARAI,Khudaband,Daulatpur,Asha,09-Oct-15,14
294,BEGUSARAI,Khudaband,Daulatpur,Saraswati,03-Oct-15,12
295,BEGUSARAI,Khudaband,Narullahpur,Malka,06-Sep-15,12
296,BEGUSARAI,Khudaband,Narullahpur,Saraswati,10-Sep-15,11
297,BEGUSARAI,Khudaband,Narullahpur,Altmas,07-Sep-15,12
298,BEGUSARAI,Khudaband,Narullahpur,Noor,12-Sep-15,12
299,BEGUSARAI,Khudaband,Narullahpur,Gulshan,01-Sep-15,12
300,BEGUSARAI,Khudaband,Narullahpur,Chand,29-Jan-15,10
301,BEGUSARAI,Khudaband,Narayanpur,Sharad,15-Jul-14,10
302,BEGUSARAI,Khudaband,Narullahpur,Chandani,16-Dec-15,12
303,BEGUSARAI,Khudaband,Bara,Mausam,10-Sep-15,10
304,BEGUSARAI,Khudaband,Bara,Khushi,11-Sep-15,13
305,BEGUSARAI,Khudaband,Bara,Doli,12-Sep-15,12
306,BEGUSARAI,Khudaband,Bara,Pinki,11-Sep-15,11
307,BEGUSARAI,Khudaband,Bara,Shikha,10-Sep-15,10
308,BEGUSARAI,Khudaband,Bara,Rekha,10-Sep-15,11
309,BEGUSARAI,Khudaband,Bara,Shivani,04-Jan-16,12
310,BEGUSARAI,Khudaband,Bariarpur,Kanhaiya1712,17-Dec-16,10
311,BEGUSARAI,Khudaband,Bariarpur,Shyam,28-Sep-15,11
312,BEGUSARAI,Khudaband,Bariarpur,Gautam,14-Jul-15,10
313,BEGUSARAI,Khudaband,Bariarpur,Ram,06-Jul-15,10
314,BEGUSARAI,Khudaband,Bariarpur,Ganesh,14-Jul-15,10
315,BEGUSARAI,Khudaband,Bariarpur,Khushi,06-Jul-19,16
316,BEGUSARAI,Khudaband,Bariarpur,Gayatri,09-Jan-17,10
317,BEGUSARAI,Khudaband,Bariarpur,Tara,06-Oct-15,13
318,BEGUSARAI,Khudaband,Bariarpur,Kamal,24-Sep-15,12
319,BEGUSARAI,Khudaband,Bariarpur,Arjun,01-Aug-16,11
320,BEGUSARAI,Khudaband,Bariarpur,Mahadev,01-Dec-14,11
321,BEGUSARAI,Khudaband,Bariarpur,Phul,04-Dec-14,16
322,BEGUSARAI,Khudaband,Bariarpur,Beli,23-Jan-17,11
323,BEGUSARAI,Khudaband,Bariarpur,Sundari,07-Oct-14,15
324,BEGUSARAI,Khudaband,Bariarpur,Shivguru,04-Dec-14,16
325,BEGUSARAI,Khudaband,Bariarpur,Lakshmi,27-Sep-14,15
326,BEGUSARAI,Khudaband,Bariarpur,Shanti,29-Sep-14,13
327,BEGUSARAI,Khudaband,Bariarpur,Islam,21-Dec-16,11
328,BEGUSARAI,Khudaband,Bariarpur,Jyoti,22-Dec-14,13
329,BEGUSARAI,Khudaband,Bariarpur,Shivam,20-Dec-14,13
330,BEGUSARAI,Khudaband,Bariarpur,Sakhi,03-Oct-14,12
331,BEGUSARAI,Khudaband,Bariarpur,Ohm,29-Jan-15,12
332,BEGUSARAI,Khudaband,Bariarpur,Radha,23-Jan-15,12
333,BEGUSARAI,Khudaband,Bariarpur,Ram,16-Jan-15,10
334,BEGUSARAI,Khudaband,Bariarpur,Mahaveer,11-Feb-15,10
335,BEGUSARAI,Khudaband,Bariarpur,Prabhu,29-Dec-14,10
336,BEGUSARAI,Khudaband,Bariarpur,Basanti,01-Mar-15,13
337,BEGUSARAI,Khudaband,Bariarpur,Anku1912201,19-Dec-16,12
338,BEGUSARAI,Khudaband,Bariarpur,Parvati,25-Feb-15,10
339,BEGUSARAI,Khudaband,Bariarpur,Sonam,23-Feb-15,13
340,BEGUSARAI,Khudaband,Bariarpur,Aaysha,25-Dec-16,12
341,BEGUSARAI,Khudaband,Bariarpur,Samta,20-Feb-15,11
342,BEGUSARAI,Khudaband,Bariarpur,Ganga,06-Aug-14,12
343,BEGUSARAI,Khudaband,Bariarpur,Anjana161220,16-Dec-16,10
344,BEGUSARAI,Khudaband,Bariarpur,Savitri,25-Dec-14,14
345,BEGUSARAI,Khudaband,Bariarpur,Durga,09-Feb-15,14
346,BEGUSARAI,Khudaband,Narayanpur,Khushbu,23-Jul-18,10
347,BEGUSARAI,Khudaband,Bariarpur,Bhagvati,28-Mar-15,14
348,BEGUSARAI,Khudaband,Bariarpur,Shankar,23-Jun-15,11
349,BEGUSARAI,Khudaband,Bariarpur,Komal,03-Aug-15,11
350,BEGUSARAI,Khudaband,Bariarpur,Gudiya,05-Apr-15,11
351,BEGUSARAI,Khudaband,Bariarpur,Lavali,04-Aug-15,10
352,BEGUSARAI,Khudaband,Bariarpur,Sona,24-Jul-15,12
353,BEGUSARAI,Khudaband,Bariarpur,Sapna,28-Jul-15,11
354,BEGUSARAI,Khudaband,Bariarpur,Chaman,12-Oct-15,12
355,BEGUSARAI,Khudaband,Bariarpur,Aman,01-Oct-15,11
356,BEGUSARAI,Khudaband,Bariarpur,Nutan,18-Nov-15,12
357,BEGUSARAI,Khudaband,Bariarpur,Maa Lakshmi,27-Jul-15,12
358,BEGUSARAI,Khudaband,Bariarpur,Mata,28-Jul-15,12
359,BEGUSARAI,Khudaband,Bariarpur,Juhi,29-Jul-15,11
360,BEGUSARAI,Khudaband,Bariarpur,Jay Hanuman,30-Jul-15,12
361,BEGUSARAI,Khudaband,Bariarpur,Roji,12-Oct-15,12
362,BEGUSARAI,Khudaband,Bara,Asha,25-Dec-17,11
363,BEGUSARAI,Khudaband,Bariarpur,Ansh,13-Oct-15,12
364,BEGUSARAI,Khudaband,Bariarpur,Vandana,27-Jul-15,11
365,BEGUSARAI,Khudaband,Bariarpur,Varsha,24-Jul-15,11
366,BEGUSARAI,Khudaband,Bariarpur,Maa,03-Jun-15,12
367,BEGUSARAI,Khudaband,Bariarpur,Anuradha,01-Oct-15,11
368,BEGUSARAI,Khudaband,Bariarpur,Kajal,13-Jul-15,10
369,BEGUSARAI,Khudaband,Bariarpur,Raj,30-Jul-15,11
370,BEGUSARAI,Khudaband,Bariarpur,Bolbam,07-Jul-15,10
371,BEGUSARAI,Khudaband,Bariarpur,Seeta,05-Aug-14,14
372,BEGUSARAI,Khudaband,Bariarpur,Khushi,07-Jul-15,12
373,BEGUSARAI,Khudaband,Bariarpur,Kali,04-Sep-15,10
374,BEGUSARAI,Khudaband,Bariarpur,Sri,10-Jan-17,11
375,BEGUSARAI,Khudaband,Bariarpur,Vishnu,21-Jul-15,12
376,BEGUSARAI,Khudaband,Bariarpur,Madhu,01-Jan-16,14
377,BEGUSARAI,Khudaband,Bariarpur,Tulsi,27-May-15,12
378,BEGUSARAI,Khudaband,Bariarpur,Bhavani,29-Jul-15,11
379,BEGUSARAI,Khudaband,Bariarpur,Abdul Rashid,30-Oct-15,12
380,BEGUSARAI,Khudaband,Bariarpur,Gauri,30-Sep-15,10
381,BEGUSARAI,Khudaband,Bariarpur,Mausam,22-Jul-15,13
382,BEGUSARAI,Khudaband,Bariarpur,Rani,12-Aug-15,10
383,BEGUSARAI,Khudaband,Bariarpur,Hajrat,30-Sep-15,12
384,BEGUSARAI,Khudaband,Meghaul,Gauri,01-Aug-16,11
385,BEGUSARAI,Khudaband,Meghaul,Shubh,03-Mar-17,10
386,BEGUSARAI,Khudaband,Meghaul,Pushpa,23-Jul-16,12
387,BEGUSARAI,Khudaband,Khodawand,Archana,01-Jul-16,12
388,BEGUSARAI,Khudaband,Khodawand,Khush Dil,02-Jul-16,15
389,BEGUSARAI,Khudaband,Khodawand,Sakshi,25-Jun-16,13
390,BEGUSARAI,Khudaband,Khodawand,Upasana,08-Jul-16,12
391,BEGUSARAI,Khudaband,Khodawand,Bhawna,04-Jul-16,14
392,BEGUSARAI,Khudaband,Khodawand,Aradhana,27-Jun-16,14
393,BEGUSARAI,Khudaband,Khodawand,Pushpa,02-Jul-16,12
394,BEGUSARAI,Khudaband,Khodawand,Shanti,27-Jun-16,14
395,BEGUSARAI,Khudaband,Khodawand,Gulab,05-Jul-16,12
396,BEGUSARAI,Khudaband,Khodawand,Chandani,30-Jun-16,14
397,BEGUSARAI,Khudaband,Khodawand,Chandi,25-Jun-16,11
398,BEGUSARAI,Khudaband,Khodawand,Kamla031120,03-Nov-15,12
399,BEGUSARAI,Khudaband,Chak Jaddu,Shardha,11-Sep-16,12
400,BEGUSARAI,Khudaband,Khodawand,Ritu,26-Sep-15,11
401,BEGUSARAI,Khudaband,Bariarpur,Genda,16-May-19,11
402,BEGUSARAI,Khudaband,Meghaul,Krishna,09-Feb-15,12
403,BEGUSARAI,Khudaband,Meghaul,Kartik,04-Sep-17,10
404,BEGUSARAI,Khudaband,Meghaul,Aradhiya,28-Jan-17,11
405,BEGUSARAI,Khudaband,Chak Jaddu,Aradhana,12-Sep-16,10
406,BEGUSARAI,Khudaband,Chak Jaddu,Sharda,09-Jan-15,11
407,BEGUSARAI,Khudaband,Khodawand,Vishnu,20-Mar-14,21
408,BEGUSARAI,Khudaband,Bariarpur,Satish221220,22-Dec-16,11
409,BEGUSARAI,Khudaband,Meghaul,Chameli,11-Dec-16,11
410,BEGUSARAI,Khudaband,Meghaul,Satguru,02-Sep-16,12
411,BEGUSARAI,Khudaband,Meghaul,Jyoti,02-Feb-17,10
412,BEGUSARAI,Khudaband,Meghaul,Chahat,09-Feb-17,11
413,BEGUSARAI,Khudaband,Meghaul,Kaveri,13-Feb-17,11
414,BEGUSARAI,Khudaband,Bariarpur,Phul,25-Dec-16,11
415,BEGUSARAI,Khudaband,Phaphot,Gangotri,12-Nov-19,12
416,BEGUSARAI,Khudaband,Bariarpur,Nayan,06-Oct-15,10
417,BEGUSARAI,Khudaband,Bariarpur,Durgesh,18-Jul-15,10
418,BEGUSARAI,Khudaband,Bariarpur,Lakshmi Mata,06-Apr-15,11
419,BEGUSARAI,Khudaband,Bariarpur,Mala1806201,18-Jun-15,11
420,BEGUSARAI,Khudaband,Bariarpur,Kali,28-Jul-16,10
421,BEGUSARAI,Khudaband,Meghaul,Hariganga,02-Jul-19,12
422,BEGUSARAI,Khudaband,Bariarpur,Suraj,28-Jul-16,10
423,BEGUSARAI,Khudaband,Chak Jaddu,Bhakti,13-Sep-16,10
424,BEGUSARAI,Khudaband,Chak Jaddu,Sant19/07/20,19-Jul-17,14
425,BEGUSARAI,Khudaband,Chak Jaddu,Puja,19-Sep-14,12
426,BEGUSARAI,Khudaband,Khodawand,Suraj,20-Mar-14,10
427,BEGUSARAI,Khudaband,Bariarpur,Ajad,08-Aug-19,10
428,BEGUSARAI,Khudaband,Bara,Mahesh,10-Sep-17,11
429,BEGUSARAI,Khudaband,Bara,Shivmata,09-Dec-17,11
430,BEGUSARAI,Khudaband,Bara,Arhul,10-Aug-18,11
431,BEGUSARAI,Khudaband,Bara,Kiran,10-Sep-15,11
432,BEGUSARAI,Khudaband,Bara,Gaumata,12-Sep-17,11
433,BEGUSARAI,Khudaband,Mirzapur,Peer,08-Oct-14,11
434,BEGUSARAI,Khudaband,Bara,Riya,15-Sep-17,10
435,BEGUSARAI,Khudaband,Bara,Kanchan,21-Sep-17,10
436,BEGUSARAI,Khudaband,Bara,Kala,23-Sep-17,12
437,BEGUSARAI,Khudaband,Bara,Tara,11-Dec-17,11
438,BEGUSARAI,Khudaband,Bara,Vaishnavi,14-Oct-14,12
439,BEGUSARAI,Khudaband,Bara,Parvati,17-Oct-14,12
440,BEGUSARAI,Khudaband,Bara,Balaji,18-Dec-14,11
441,BEGUSARAI,Khudaband,Phaphot,Shiv ganga,08-Oct-17,10
442,BEGUSARAI,Khudaband,Phaphot,Brahm,04-Aug-16,11
443,BEGUSARAI,Khudaband,Phaphot,Gunjan,10-Jul-16,10
444,BEGUSARAI,Khudaband,Phaphot,Shubh,02-Aug-16,12
445,BEGUSARAI,Khudaband,Phaphot,Chaman,27-Dec-17,12
446,BEGUSARAI,Khudaband,Phaphot,Suraj,06-Aug-14,10
447,BEGUSARAI,Khudaband,Phaphot,Aadarsh,27-Sep-13,14
448,BEGUSARAI,Khudaband,Daulatpur,Maa,03-Sep-16,12
449,BEGUSARAI,Khudaband,Daulatpur,Soni,05-Sep-18,14
450,BEGUSARAI,Khudaband,Daulatpur,Ajmeri,09-Jul-16,11
451,BEGUSARAI,Khudaband,Meghaul,Kailash,02-Aug-16,10
452,BEGUSARAI,Khudaband,Daulatpur,Shivrani,20-Jul-16,14
453,BEGUSARAI,Khudaband,Daulatpur,Saraswati,12-Jul-16,11
454,BEGUSARAI,Khudaband,Daulatpur,Mahadev,07-Jul-16,13
455,BEGUSARAI,Khudaband,Daulatpur,Seeta,03-Jan-18,10
456,BEGUSARAI,Khudaband,Daulatpur,Kiran,08-Jul-16,12
457,BEGUSARAI,Khudaband,Daulatpur,Santoshi,08-Jul-16,13
458,BEGUSARAI,Khudaband,Daulatpur,Puja,22-Sep-17,11
459,BEGUSARAI,Khudaband,Daulatpur,Chandani,24-Jul-16,13
460,BEGUSARAI,Khudaband,Daulatpur,Ambika,05-Dec-15,15
461,BEGUSARAI,Khudaband,Bariarpur,Ravan,27-Sep-16,12
462,BEGUSARAI,Khudaband,Bariarpur,Anchal,01-Jul-16,10
463,BEGUSARAI,Khudaband,Phaphot,Parvati,14-Sep-15,11
464,BEGUSARAI,Khudaband,Meghaul,Abhilasha,11-Oct-16,11
465,BEGUSARAI,Khudaband,Phaphot,Bhawani,10-Oct-13,11
466,BEGUSARAI,Khudaband,Phaphot,Maa Jyoti,04-Sep-14,11
467,BEGUSARAI,Khudaband,Phaphot,Mausam,19-Jan-16,10
468,BEGUSARAI,Khudaband,Phaphot,Saraswati,05-Aug-14,10
469,BEGUSARAI,Khudaband,Phaphot,Guru,08-May-16,12
470,BEGUSARAI,Khudaband,Meghaul,Rajnikant,09-Sep-18,11
471,BEGUSARAI,Khudaband,Phaphot,Badal,11-Jan-16,10
472,BEGUSARAI,Khudaband,Phaphot,Yashoda,11-Dec-15,13
473,BEGUSARAI,Khudaband,Phaphot,Maa Sharda,09-Feb-16,11
474,BEGUSARAI,Khudaband,Phaphot,Meera,02-Mar-16,12
475,BEGUSARAI,Khudaband,Meghaul,Gaurav,21-Aug-17,13
476,BEGUSARAI,Khudaband,Phaphot,Deepa,06-Feb-16,10
477,BEGUSARAI,Khudaband,Phaphot,Gulshan,23-Feb-16,11
478,BEGUSARAI,Khudaband,Meghaul,Chhaya,04-Jul-19,11
479,BEGUSARAI,Khudaband,Phaphot,Eid,01-Dec-15,12
480,BEGUSARAI,Khudaband,Meghaul,Jeevan,20-Jul-19,11
481,BEGUSARAI,Khudaband,Phaphot,Vidya,05-Dec-15,13
482,BEGUSARAI,Khudaband,Phaphot,Maa Jwala,31-Mar-16,11
483,BEGUSARAI,Khudaband,Phaphot,Sangam,12-Dec-15,10
484,BEGUSARAI,Khudaband,Bedaulia,Savitri,01-Jul-16,10
485,BEGUSARAI,Khudaband,Malpur,Jeevan,16-Nov-19,15
486,BEGUSARAI,Khudaband,Matihani,Gaumata,14-Mar-14,12
487,BEGUSARAI,Khudaband,Meghaul,Payal,26-Jul-16,10
488,BEGUSARAI,Khudaband,Phaphot,Devi,29-Jul-15,11
489,BEGUSARAI,Khudaband,Meghaul,Jhansi,01-Jul-19,11
490,BEGUSARAI,Khudaband,Phaphot,Ganesh,09-Sep-15,14
491,BEGUSARAI,Khudaband,Phaphot,Maa Gayatri,10-Sep-15,11
492,BEGUSARAI,Khudaband,Meghaul,Mahadevi,25-Aug-16,11
493,BEGUSARAI,Khudaband,Phaphot,Prabhat,30-Mar-15,11
494,BEGUSARAI,Khudaband,Bedaulia,Amrita,05-May-16,13
495,BEGUSARAI,Khudaband,Bedaulia,Lakshmi,15-Aug-16,15
496,BEGUSARAI,Khudaband,Meghaul,Shakti,28-Mar-18,11
497,BEGUSARAI,Khudaband,Bedaulia,Ganesh,17-Feb-18,11
498,BEGUSARAI,Khudaband,Bedaulia,Annapurna,06-Oct-16,15
499,BEGUSARAI,Khudaband,Matihani,Gauri,07-Mar-15,10
500,BEGUSARAI,Khudaband,Phaphot,Shani,27-Jun-15,12
501,BEGUSARAI,Khudaband,Matihani,Mahadev,11-Mar-14,13
502,BEGUSARAI,Khudaband,Mirzapur,Suraj,14-Oct-15,10
503,BEGUSARAI,Khudaband,Meghaul,Kali,17-Aug-15,11
504,BEGUSARAI,Khudaband,Daulatpur,Sapna,02-Feb-16,12
505,BEGUSARAI,Khudaband,Daulatpur,Vidhata,03-Sep-16,12
506,BEGUSARAI,Khudaband,Khodawand,Nandani,16-Jun-20,14
507,BEGUSARAI,Khudaband,Meghaul,Shiv,16-Aug-15,12
508,BEGUSARAI,Khudaband,Mirzapur,Shankar,15-Sep-15,10
509,BEGUSARAI,Khudaband,Mirzapur,Gauri,14-Sep-15,10
510,BEGUSARAI,Khudaband,Mirzapur,Chameli,27-Jan-15,11
511,BEGUSARAI,Khudaband,Daulatpur,Ratrani,13-Sep-16,10
512,BEGUSARAI,Khudaband,Meghaul,Lakshmi,15-Aug-16,11
513,BEGUSARAI,Khudaband,Daulatpur,Archana,02-Sep-16,13
514,BEGUSARAI,Khudaband,Daulatpur,Shakti,17-Sep-16,13
515,BEGUSARAI,Khudaband,Meghaul,Kamal,03-Jul-15,10
516,BEGUSARAI,Khudaband,Phaphot,Naina,29-Sep-15,10
517,BEGUSARAI,Khudaband,Daulatpur,Khushi,09-Sep-16,15
518,BEGUSARAI,Khudaband,Daulatpur,Nisha,09-Sep-16,16
519,BEGUSARAI,Khudaband,Daulatpur,Thakur Baba,07-Sep-16,14
520,BEGUSARAI,Khudaband,Daulatpur,Maa Kali,11-Jul-16,11
521,BEGUSARAI,Khudaband,Malpur,Jai Shiv,23-Sep-15,11
522,BEGUSARAI,Khudaband,Malpur,Maa Lakshmi,03-Sep-15,11
523,BEGUSARAI,Khudaband,Malpur,Chanda Mama,18-Mar-16,10
524,BEGUSARAI,Khudaband,Malpur,Maa Kali,12-Sep-15,12
525,BEGUSARAI,Khudaband,Malpur,Maa Bhawani,07-Sep-15,12
526,BEGUSARAI,Khudaband,Malpur,Maa Durga,14-Sep-15,13
527,BEGUSARAI,Khudaband,Malpur,Maa Sharde,11-Mar-16,14
528,BEGUSARAI,Khudaband,Malpur,Asha,07-Feb-13,13
529,BEGUSARAI,Khudaband,Malpur,Maa Vaishnavi,08-Sep-15,11
530,BEGUSARAI,Khudaband,Malpur,Kali,27-Jun-15,11
531,BEGUSARAI,Khudaband,Malpur,Shobha,14-Feb-13,11
532,BEGUSARAI,Khudaband,Malpur,Anmol170720,17-Jul-15,13
533,BEGUSARAI,Khudaband,Daulatpur,Hanuman,05-Apr-16,12
534,BEGUSARAI,Khudaband,Daulatpur,Durga,07-Oct-15,13
535,BEGUSARAI,Khudaband,Daulatpur,Lakshmi,03-Dec-15,14
536,BEGUSARAI,Khudaband,Daulatpur,Saraswati 2,17-Nov-15,11
537,BEGUSARAI,Khudaband,Daulatpur,Minakshi,15-Nov-14,11
538,BEGUSARAI,Khudaband,Meghaul,Kalash,05-Jan-16,11
539,BEGUSARAI,Khudaband,Daulatpur,Saraswati,12-Oct-15,12
540,BEGUSARAI,Khudaband,Meghaul,Krishna,26-Jan-16,13
541,BEGUSARAI,Khudaband,Meghaul,Tulsi,31-Aug-15,10
542,BEGUSARAI,Khudaband,Khodawand,Ekta21092016,21-Sep-16,11
543,BEGUSARAI,Khudaband,Meghaul,Lakshmi,15-Dec-15,11
544,BEGUSARAI,Khudaband,Meghaul,Yamuna,31-Aug-15,11
545,BEGUSARAI,Khudaband,Meghaul,Deep,11-Jul-19,10
546,BEGUSARAI,Khudaband,Meghaul,Saraswati,25-Jan-16,10
547,BEGUSARAI,Khudaband,Meghaul,Durga,04-Feb-16,11
548,BEGUSARAI,Khudaband,Meghaul,Nayan,07-Feb-15,10
549,BEGUSARAI,Khudaband,Malpur,Mohit0506201,05-Jun-17,11
550,BEGUSARAI,Khudaband,Meghaul,Naman,07-Feb-15,11
551,BEGUSARAI,Khudaband,Meghaul,Santoshi,07-Mar-16,11
552,BEGUSARAI,Khudaband,Bariarpur,Sapna,05-Aug-16,11
553,BEGUSARAI,Khudaband,Bariarpur,Gudiya,27-Jul-16,10
554,BEGUSARAI,Khudaband,Khodawand,Satyam220920,22-Sep-16,10
555,BEGUSARAI,Khudaband,Khodawand,Maa,24-Sep-16,12
556,BEGUSARAI,Khudaband,Bedaulia,Deepa,22-Jul-16,10
557,BEGUSARAI,Khudaband,Khodawand,Arpan230920,23-Sep-16,11
558,BEGUSARAI,Khudaband,Khodawand,Gayatri,17-Feb-14,10
559,BEGUSARAI,Khudaband,Phaphot,Maa,20-Nov-14,11
560,BEGUSARAI,Khudaband,Khodawand,Parvati,18-Feb-14,10
561,BEGUSARAI,Khudaband,Khodawand,Satguru,13-Mar-14,10
562,BEGUSARAI,Khudaband,Khodawand,Mahi2803201,28-Mar-16,13
563,BEGUSARAI,Khudaband,Khodawand,Kartik131020,13-Oct-14,12
564,BEGUSARAI,Khudaband,Khodawand,Seeta1706202,17-Jun-20,12
565,BEGUSARAI,Khudaband,Phaphot,Rani,17-Jul-17,12
566,BEGUSARAI,Khudaband,Bedaulia,Ohm,16-Sep-17,12
567,BEGUSARAI,Khudaband,Khodawand,Akash,22-Mar-14,11
568,BEGUSARAI,Khudaband,Khodawand,Phulbati,25-Sep-16,10
569,BEGUSARAI,Khudaband,Khodawand,Ujala,26-Sep-16,10
570,BEGUSARAI,Khudaband,Khodawand,Shiv,20-Sep-16,13
571,BEGUSARAI,Khudaband,Khodawand,Jay mahadev,19-Sep-16,11
572,BEGUSARAI,Khudaband,Bariarpur,Ganesh,25-Jul-16,10
573,BEGUSARAI,Khudaband,Khodawand,Chanda,23-Dec-15,11
574,BEGUSARAI,Khudaband,Bariarpur,Ganga,27-Jul-16,11
575,BEGUSARAI,Khudaband,Bariarpur,Anjali,27-Jul-16,12
576,BEGUSARAI,Khudaband,Phaphot,Bhavya,14-Nov-19,11
577,BEGUSARAI,Khudaband,Bariarpur,Lakshman,26-Jul-16,10
578,BEGUSARAI,Khudaband,Bariarpur,Pushpa,22-Sep-16,10
579,BEGUSARAI,Khudaband,Bedaulia,Mala,19-Sep-14,16
580,BEGUSARAI,Khudaband,Bariarpur,Kabir2307201,23-Jul-16,10
581,BEGUSARAI,Khudaband,Phaphot,Gayatri,05-Sep-15,11
582,BEGUSARAI,Khudaband,Bariarpur,Kajal,25-Jul-16,10
583,BEGUSARAI,Khudaband,Phaphot,Jay Mangla,15-Jun-16,12
584,BEGUSARAI,Khudaband,Meghaul,Radha,15-Aug-15,10
585,BEGUSARAI,Khudaband,Bariarpur,Durga,23-Jul-16,10
586,BEGUSARAI,Khudaband,Bariarpur,Bhavani,24-Jul-16,12
587,BEGUSARAI,Khudaband,Phaphot,Maa,04-Mar-14,16
588,BEGUSARAI,Khudaband,Bariarpur,Punam240720,26-Jul-16,12
589,BEGUSARAI,Khudaband,Bariarpur,Anchal,26-Jul-16,11
590,BEGUSARAI,Khudaband,Meghaul,Kamla,29-Aug-15,12
591,BEGUSARAI,Khudaband,Bariarpur,Sohani,23-Mar-19,12
592,BEGUSARAI,Khudaband,Phaphot,Goswami1103,11-Mar-14,15
593,BEGUSARAI,Khudaband,Bariarpur,Dinbandhu,27-Mar-19,11
594,BEGUSARAI,Khudaband,Bariarpur,Maa Sharda,29-Jul-16,10
595,BEGUSARAI,Khudaband,Bariarpur,Jay,19-Oct-17,11
596,BEGUSARAI,Khudaband,Meghaul,Koshi,26-Aug-15,11
597,BEGUSARAI,Khudaband,Phaphot,Kamal10/04/2,10-Apr-14,15
598,BEGUSARAI,Khudaband,Phaphot,Bhola2503201,25-Mar-14,16
599,BEGUSARAI,Khudaband,Bariarpur,Saheli,28-Jul-16,11
600,BEGUSARAI,Khudaband,Phaphot,Kamla16/04/2,16-Apr-14,13
601,BEGUSARAI,Khudaband,Phaphot,Durga,12-Jan-14,11
602,BEGUSARAI,Khudaband,Phaphot,Bhawani 2,13-Nov-14,13
603,BEGUSARAI,Khudaband,Phaphot,Khushi,08-Mar-16,10
604,BEGUSARAI,Khudaband,Bariarpur,Kartikey,28-Jul-16,11
605,BEGUSARAI,Khudaband,Phaphot,Tulsi,14-Sep-15,11
606,BEGUSARAI,Khudaband,Bariarpur,Bhavani,02-Apr-14,13
607,BEGUSARAI,Khudaband,Phaphot,Maa,03-Mar-14,13
608,BEGUSARAI,Khudaband,Phaphot,Yamuna28/02,28-Feb-14,12
609,BEGUSARAI,Khudaband,Phaphot,Basanti,17-Mar-15,12
610,BEGUSARAI,Khudaband,Bariarpur,Gauri,06-Feb-16,10
611,BEGUSARAI,Khudaband,Bariarpur,Maa Kali,03-Oct-15,14
612,BEGUSARAI,Khudaband,Bariarpur,Radha,06-Jan-15,12
613,BEGUSARAI,Khudaband,Bariarpur,Maa Bhawani,04-Aug-14,13
614,BEGUSARAI,Khudaband,Bariarpur,Guru Maharaj,06-Aug-14,12
615,BEGUSARAI,Khudaband,Bariarpur,Aarti,13-Feb-15,14
616,BEGUSARAI,Khudaband,Bariarpur,Maa Santoshi,04-Aug-14,13
617,BEGUSARAI,Khudaband,Bariarpur,Maa Durga,31-Mar-14,14
618,BEGUSARAI,Khudaband,Bariarpur,Raushani,14-Mar-15,10
619,BEGUSARAI,Khudaband,Bariarpur,Balram,06-Nov-14,15
620,BEGUSARAI,Khudaband,Bariarpur,Phul,05-Oct-15,11
621,BEGUSARAI,Khudaband,Phaphot,Aarti,12-Sep-15,12
622,BEGUSARAI,Khudaband,Phaphot,Ganga,11-Sep-15,11
623,BEGUSARAI,Khudaband,Phaphot,Saraswati,10-Sep-15,13
624,BEGUSARAI,Khudaband,Bariarpur,Shiv,01-Oct-15,10
625,BEGUSARAI,Khudaband,Phaphot,Akbar,27-Jul-15,12
626,BEGUSARAI,Khudaband,Phaphot,Allah,27-Jul-15,11
627,BEGUSARAI,Khudaband,Phaphot,Komal,27-Jul-15,11
628,BEGUSARAI,Khudaband,Phaphot,Savila,27-Jul-15,10
629,BEGUSARAI,Khudaband,Phaphot,Nutan,20-Jul-15,10
630,BEGUSARAI,Khudaband,Phaphot,Shobha,27-Jan-17,10
631,BEGUSARAI,Khudaband,Phaphot,Jamuna,02-Oct-15,13
632,BEGUSARAI,Khudaband,Phaphot,Kiran,27-Apr-16,15
633,BEGUSARAI,Khudaband,Phaphot,Koshi,11-Sep-15,15
634,BEGUSARAI,Khudaband,Phaphot,Mata,29-Sep-16,10
635,BEGUSARAI,Khudaband,Phaphot,Ohm Sai,16-Nov-17,12
636,BEGUSARAI,Khudaband,Phaphot,Lal Gulab,06-Apr-16,12
637,BEGUSARAI,Khudaband,Bariarpur,Meetha,10-Aug-19,10
638,BEGUSARAI,Khudaband,Mirzapur,Seeta,14-Sep-15,11
639,BEGUSARAI,Khudaband,Mirzapur,Laxman,14-Sep-17,10
640,BEGUSARAI,Khudaband,Mirzapur,Kali,27-Sep-14,10
641,BEGUSARAI,Khudaband,Meghaul,Pukar,12-Jul-19,10
642,BEGUSARAI,Khudaband,Bara,Chaman,07-Dec-17,11
643,BEGUSARAI,Khudaband,Bariarpur,Maa Sharde,29-Jun-19,10
644,BEGUSARAI,Khudaband,Bara,Jyoti,26-Jul-16,10
645,BEGUSARAI,Khudaband,Bara,Ujala,27-Jun-16,10
646,BEGUSARAI,Khudaband,Bara,Bajrang,29-Jun-16,11
647,BEGUSARAI,Khudaband,Bara,Jaya,01-Jul-16,9
648,BEGUSARAI,Khudaband,Bara,Aman,28-Jun-16,13
649,BEGUSARAI,Khudaband,Bara,Bhawani,25-Jun-16,10
650,BEGUSARAI,Khudaband,Bara,Ganesh,15-Jul-16,10
651,BEGUSARAI,Khudaband,Mirzapur,Raj,01-Jul-19,11
652,BEGUSARAI,Khudaband,Bara,Mausami,25-Jun-16,12
653,BEGUSARAI,Khudaband,Khodawand,Anshu,08-Aug-15,14
654,BEGUSARAI,Khudaband,Khodawand,Suhani,24-Dec-15,11
655,BEGUSARAI,Khudaband,Khodawand,Kumkum01/0,01-Aug-15,12
656,BEGUSARAI,Khudaband,Khodawand,Seema,23-Jul-16,14
657,BEGUSARAI,Khudaband,Bariarpur,Santoshi,01-Mar-14,14
658,BEGUSARAI,Khudaband,Bariarpur,Sangam,04-Mar-14,14
659,BEGUSARAI,Khudaband,Bariarpur,Geet,19-Sep-19,13
660,BEGUSARAI,Khudaband,Bara,Neetu,26-Dec-17,10
661,BEGUSARAI,Khudaband,Tetrahi,Runa,20-Oct-19,13
662,BEGUSARAI,Khudaband,Phaphot,Matarani,02-Sep-16,14
663,BEGUSARAI,Khudaband,Phaphot,Sharde,11-Sep-15,11
664,BEGUSARAI,Khudaband,Bariarpur,Sangit,19-Feb-14,11
665,BEGUSARAI,Khudaband,Bariarpur,Maa Gayatri,28-Feb-14,14
666,BEGUSARAI,Khudaband,Bariarpur,Muskan,21-Feb-14,12
667,BEGUSARAI,Khudaband,Phaphot,Chhaya,02-Jan-16,11
668,BEGUSARAI,Khudaband,Phaphot,Vishnu,14-Sep-15,11
669,BEGUSARAI,Khudaband,Phaphot,Parvati,05-Mar-14,11
670,BEGUSARAI,Khudaband,Bara,Tulsi,05-Dec-17,10
671,BEGUSARAI,Khudaband,Bariarpur,Chandrama,02-Nov-17,12
672,BEGUSARAI,Khudaband,Bariarpur,Krishna,15-Feb-14,12
673,BEGUSARAI,Khudaband,Bariarpur,Maa Sharde,18-Aug-14,10
674,BEGUSARAI,Khudaband,Bariarpur,Ganesh,27-May-15,10
675,BEGUSARAI,Khudaband,Bariarpur,Chand,13-Dec-14,12
676,BEGUSARAI,Khudaband,Bariarpur,Bandhan,09-May-14,14
677,BEGUSARAI,Khudaband,Bariarpur,Fatima,07-May-14,14
678,BEGUSARAI,Khudaband,Bariarpur,Kamal,18-Mar-14,13
679,BEGUSARAI,Khudaband,Bariarpur,Halima,06-Mar-14,13
680,BEGUSARAI,Khudaband,Phaphot,Maa Santoshi,22-Aug-15,12
681,BEGUSARAI,Khudaband,Bariarpur,Mala,14-May-14,14
682,BEGUSARAI,Khudaband,Phaphot,Ganga,28-Feb-14,11
683,BEGUSARAI,Khudaband,Bariarpur,Gulab,19-Apr-14,13
684,BEGUSARAI,Khudaband,Bariarpur,Vishnu,18-Jun-15,11
685,BEGUSARAI,Khudaband,Bariarpur,Raushani,29-Mar-15,15
686,BEGUSARAI,Khudaband,Bariarpur,Punam,21-Sep-15,11
687,BEGUSARAI,Khudaband,Bariarpur,Suraj,28-Jul-15,11
688,BEGUSARAI,Khudaband,Bariarpur,Man,01-Jul-16,12
689,BEGUSARAI,Khudaband,Bariarpur,Heera,13-Jul-16,11
690,BEGUSARAI,Khudaband,Bariarpur,Ganpati,29-Mar-16,11
691,BEGUSARAI,Khudaband,Bariarpur,Pavan,01-Jan-16,10
692,BEGUSARAI,Khudaband,Bariarpur,Durgati20122,20-Dec-16,11
693,BEGUSARAI,Khudaband,Bariarpur,Vishnu,08-Jan-15,10
694,BEGUSARAI,Khudaband,Bariarpur,Adarsh,02-Apr-14,11
695,BEGUSARAI,Khudaband,Bariarpur,Parvati,11-Mar-15,13
696,BEGUSARAI,Khudaband,Bariarpur,Puja,06-Oct-15,10
697,BEGUSARAI,Khudaband,Bariarpur,Saraswati,16-Mar-15,11
698,BEGUSARAI,Khudaband,Bariarpur,Kuran,28-Dec-16,10
699,BEGUSARAI,Khudaband,Bariarpur,Chandan,15-Feb-16,12
700,BEGUSARAI,Khudaband,Bariarpur,Devi,02-May-16,12
701,BEGUSARAI,Khudaband,Bariarpur,Bebi,03-May-16,10
702,BEGUSARAI,Khudaband,Bariarpur,Deepak,03-May-16,10
703,BEGUSARAI,Khudaband,Bariarpur,Badal,02-May-16,10
704,BEGUSARAI,Khudaband,Bariarpur,Anar,20-Jul-16,11
705,BEGUSARAI,Khudaband,Bariarpur,Durga,29-Apr-15,10
706,BEGUSARAI,Khudaband,Phaphot,Chand,24-Dec-16,10
707,BEGUSARAI,Khudaband,Phaphot,Bhagwati,08-Sep-16,14
708,BEGUSARAI,Khudaband,Matihani,Radhe,07-Sep-18,13
709,BEGUSARAI,Khudaband,Daulatpur,Parvati,22-Nov-14,15
710,BEGUSARAI,Khudaband,Phaphot,Chayan,04-Sep-16,13
711,BEGUSARAI,Khudaband,Phaphot,Ohm,01-Dec-17,10
712,BEGUSARAI,Khudaband,Phaphot,Maa Radhe,01-Sep-16,10
713,BEGUSARAI,Khudaband,Bariarpur,Champa,20-Dec-16,11
714,BEGUSARAI,Khudaband,Phaphot,Gandhi,07-Jan-18,10
715,BEGUSARAI,Khudaband,Meghaul,Puja,12-Aug-15,11
716,BEGUSARAI,Khudaband,Tetrahi,Raushani,09-Aug-15,10
717,BEGUSARAI,Khudaband,Tetrahi,Maa Santoshi,09-Aug-15,11
718,BEGUSARAI,Khudaband,Tetrahi,Mehi,19-Oct-15,10
719,BEGUSARAI,Khudaband,Tetrahi,Rimjhim,09-Sep-15,10
720,BEGUSARAI,Khudaband,Tetrahi,Kajal,17-Aug-15,12
721,BEGUSARAI,Khudaband,Tetrahi,Satguru,11-Aug-15,14
722,BEGUSARAI,Khudaband,Tetrahi,Anokha,12-Aug-15,12
723,BEGUSARAI,Khudaband,Khodawand,Durga,26-Sep-15,11
724,BEGUSARAI,Khudaband,Mohanpur,Soni,18-Aug-14,14
725,BEGUSARAI,Khudaband,Narayanpur,Grihangani,17-Nov-14,11
726,BEGUSARAI,Khudaband,Narayanpur,Durga,24-Feb-14,12
727,BEGUSARAI,Khudaband,Narayanpur,Vidya,02-Feb-15,11
728,BEGUSARAI,Khudaband,Narullahpur,Mahadev,17-Jan-15,11
729,BEGUSARAI,Khudaband,Narullahpur,Muskan,28-Jan-15,15
730,BEGUSARAI,Khudaband,Narullahpur,Shiv Mahadev,12-Feb-15,14
731,BEGUSARAI,Khudaband,Narullahpur,Mahakali,29-Apr-15,10
732,BEGUSARAI,Khudaband,Sagi,Puja,04-Dec-14,11
733,BEGUSARAI,Khudaband,Sagi,Sapna,05-May-14,13
734,BEGUSARAI,Khudaband,Sagi,Prince,10-Jan-19,10
735,BEGUSARAI,Khudaband,Sagi,Bhawani,26-Jul-15,11
736,BEGUSARAI,Khudaband,Phaphot,Mata,12-Jan-17,10
737,BEGUSARAI,Khudaband,Phaphot,Maharani,22-Jan-17,11
738,BEGUSARAI,Khudaband,Phaphot,Khushhal,24-Dec-16,11
739,BEGUSARAI,Khudaband,Matihani,Maya2312201,23-Dec-16,10
740,BEGUSARAI,Khudaband,Matihani,Shanti04/01/2,04-Jan-16,13
741,BEGUSARAI,Khudaband,Matihani,Mata Indra,03-Sep-17,11
742,BEGUSARAI,Khudaband,Phaphot,Gagan,01-Aug-18,10
743,BEGUSARAI,Khudaband,Khodawand,Rani,23-Dec-16,11
744,BEGUSARAI,Khudaband,Khodawand,Moti,23-Jan-17,12
745,BEGUSARAI,Khudaband,Khodawand,Doli,25-Dec-16,15
746,BEGUSARAI,Khudaband,Khodawand,Gauri,24-Dec-16,12
747,BEGUSARAI,Khudaband,Khodawand,Heera,22-Jan-17,12
748,BEGUSARAI,Khudaband,Khodawand,Pavan,09-Jan-17,11
749,BEGUSARAI,Khudaband,Khodawand,Jagat,25-Aug-18,11
750,BEGUSARAI,Khudaband,Khodawand,Ambe,18-Dec-16,10
751,BEGUSARAI,Khudaband,Khodawand,Maa Aarti,19-Dec-16,12
752,BEGUSARAI,Khudaband,Khodawand,Jay Mata,23-Dec-16,13
753,BEGUSARAI,Khudaband,Khodawand,Lakshmi,01-Jan-17,13
754,BEGUSARAI,Khudaband,Khodawand,Kajal,26-Dec-16,11
755,BEGUSARAI,Khudaband,Khodawand,Ajay,27-Dec-16,10
756,BEGUSARAI,Khudaband,Khodawand,Gulab,07-Mar-15,12
757,BEGUSARAI,Khudaband,Khodawand,Ganesh,10-Oct-14,12
758,BEGUSARAI,Khudaband,Daulatpur,Mala,17-Jul-15,12
759,BEGUSARAI,Khudaband,Daulatpur,Shiv,17-Jul-15,12
760,BEGUSARAI,Khudaband,Daulatpur,Shobha,03-Feb-16,11
761,BEGUSARAI,Khudaband,Daulatpur,Bhawani,05-Aug-15,12
762,BEGUSARAI,Khudaband,Mohanpur,Devaki,14-Jun-14,10
763,BEGUSARAI,Khudaband,Narayanpur,Chandani,04-Feb-17,14
764,BEGUSARAI,Khudaband,Sagi,Aarti,23-Dec-16,11
765,BEGUSARAI,Khudaband,Sagi,Maa Saraswati,16-Feb-15,12
766,BEGUSARAI,Khudaband,Sagi,Vaishnavi,28-Sep-16,12
767,BEGUSARAI,Khudaband,Narullahpur,Shiv Mahadev,25-Feb-15,10
768,BEGUSARAI,Khudaband,Narullahpur,Ganga,29-Jul-16,11
769,BEGUSARAI,Khudaband,Narullahpur,Chandani,29-Feb-20,12
770,BEGUSARAI,Khudaband,Narullahpur,Suraj,25-Aug-15,10
771,BEGUSARAI,Khudaband,Narullahpur,Tara,25-Aug-16,10
772,BEGUSARAI,Khudaband,Narullahpur,Vandana,12-Mar-15,10
773,BEGUSARAI,Khudaband,Begampur,Shanti,18-Jan-17,12
774,BEGUSARAI,Khudaband,Begampur,Tulsi,10-Jan-17,12
775,BEGUSARAI,Khudaband,Begampur,Saraswati,16-Jan-17,11
776,BEGUSARAI,Khudaband,Begampur,Mahadev,17-Jan-17,10
777,BEGUSARAI,Khudaband,Begampur,Durga,18-Jan-17,10
778,BEGUSARAI,Khudaband,Matihani,Anand041120,04-Nov-17,10
779,BEGUSARAI,Khudaband,Sagi,Ohm,29-Dec-16,12
780,BEGUSARAI,Khudaband,Sagi,Mahadev,23-Dec-16,14
781,BEGUSARAI,Khudaband,Sagi,Durga,20-Dec-16,11
782,BEGUSARAI,Khudaband,Tetrahi,Julekha,12-Aug-15,12
783,BEGUSARAI,Khudaband,Tetrahi,Muskan,23-Jul-15,10
784,BEGUSARAI,Khudaband,Bariarpur,Gautam,20-Dec-16,10
785,BEGUSARAI,Khudaband,Bariarpur,Fatma,15-Jan-17,12
786,BEGUSARAI,Khudaband,Bariarpur,Nijamuddin,11-Jan-17,11
787,BEGUSARAI,Khudaband,Bariarpur,Peer Oliya,12-Jan-17,11
788,BEGUSARAI,Khudaband,Bariarpur,Rasul,13-Jan-17,11
789,BEGUSARAI,Khudaband,Bariarpur,Aamna,21-Jan-17,10
790,BEGUSARAI,Khudaband,Bariarpur,Khushbu,14-Mar-18,11
791,BEGUSARAI,Khudaband,Bariarpur,Kranti,05-Jun-19,11
792,BEGUSARAI,Khudaband,Sagi,Raunak,18-Dec-16,11
793,BEGUSARAI,Khudaband,Sagi,Muskan,08-Dec-16,10
794,BEGUSARAI,Khudaband,Sagi,Lakshmi,09-Jan-17,14
795,BEGUSARAI,Khudaband,Sagi,Aanchal,28-Jan-17,10
796,BEGUSARAI,Khudaband,Sagi,Kali,17-Jan-17,11
797,BEGUSARAI,Khudaband,Sagi,Shanti,19-Dec-16,12
798,BEGUSARAI,Khudaband,Sagi,Puja,23-Dec-16,12
799,BEGUSARAI,Khudaband,Sagi,Seeta,19-Dec-16,11
800,BEGUSARAI,Khudaband,Sagi,Sharda,21-Dec-16,11
801,BEGUSARAI,Khudaband,Sagi,Bhawani,24-Dec-16,14
802,BEGUSARAI,Khudaband,Sagi,Ekta,16-Dec-16,15
803,BEGUSARAI,Khudaband,Sagi,Khushi,02-Jan-17,14
804,BEGUSARAI,Khudaband,Sagi,Hasina,07-Jan-17,14
805,BEGUSARAI,Khudaband,Sagi,Ram,20-Jan-17,11
806,BEGUSARAI,Khudaband,Sagi,Suraj,12-Jan-17,12
807,BEGUSARAI,Khudaband,Sagi,Tulsi,23-Sep-17,12
808,BEGUSARAI,Khudaband,Sagi,Lakshman,08-Jan-17,11
809,BEGUSARAI,Khudaband,Mohanpur,Chandani,06-Aug-15,10
810,BEGUSARAI,Khudaband,Tetrahi,Lal,06-Sep-16,11
811,BEGUSARAI,Khudaband,Tetrahi,Kajali,25-Sep-16,11
812,BEGUSARAI,Khudaband,Tetrahi,Chand,23-Sep-16,10
813,BEGUSARAI,Khudaband,Tetrahi,Chandan,15-Oct-16,12
814,BEGUSARAI,Khudaband,Tetrahi,Durga,21-Sep-16,12
815,BEGUSARAI,Khudaband,Tetrahi,Shivam,25-Sep-16,11
816,BEGUSARAI,Khudaband,Tetrahi,Anchal,28-Sep-16,12
817,BEGUSARAI,Khudaband,Tetrahi,Manika,22-Sep-16,11
818,BEGUSARAI,Khudaband,Tetrahi,Vivek,19-Sep-16,12
819,BEGUSARAI,Khudaband,Tetrahi,Asha,18-Sep-16,11
820,BEGUSARAI,Khudaband,Tetrahi,Bebi,27-Sep-16,11
821,BEGUSARAI,Khudaband,Tetrahi,Geeta,27-Sep-16,11
822,BEGUSARAI,Khudaband,Tetrahi,Jay Mangla,21-Sep-16,11
823,BEGUSARAI,Khudaband,Tetrahi,Vikash,21-Sep-16,12
824,BEGUSARAI,Khudaband,Tetrahi,Richa,27-Aug-15,11
825,BEGUSARAI,Khudaband,Phaphot,Maharani,07-Jan-17,12
826,BEGUSARAI,Khudaband,Bariarpur,Bharat,01-Aug-16,11
827,BEGUSARAI,Khudaband,Bariarpur,Saraswati,16-Dec-17,10
828,BEGUSARAI,Khudaband,Daulatpur,Lakshmi,10-May-15,13
829,BEGUSARAI,Khudaband,Tetrahi,Mano,28-Dec-16,13
830,BEGUSARAI,Khudaband,Tetrahi,Ganpati,21-Sep-16,12
831,BEGUSARAI,Khudaband,Khodawand,Raunak09/08/,09-Aug-18,12
832,BEGUSARAI,Khudaband,Tetrahi,Anshu,25-Oct-16,10
833,BEGUSARAI,Khudaband,Tetrahi,Kamni,25-Oct-16,11
834,BEGUSARAI,Khudaband,Tetrahi,Gulab,29-Sep-16,12
835,BEGUSARAI,Khudaband,Tetrahi,Najuk,25-Oct-16,12
836,BEGUSARAI,Khudaband,Khodawand,Bharat,28-Sep-16,13
837,BEGUSARAI,Khudaband,Bariarpur,Satguru,07-Jun-17,13
838,BEGUSARAI,Khudaband,Bariarpur,Asha,24-May-17,13
839,BEGUSARAI,Khudaband,Bariarpur,Bhola,16-Sep-17,16
840,BEGUSARAI,Khudaband,Bariarpur,Kamani,06-Jan-17,14
841,BEGUSARAI,Khudaband,Bariarpur,Vaishnavi,20-Feb-17,14
842,BEGUSARAI,Khudaband,Bariarpur,Mehadi,08-Sep-16,10
843,BEGUSARAI,Khudaband,Bariarpur,Aruna,16-Nov-17,11
844,BEGUSARAI,Khudaband,Meghaul,Akash,23-Feb-17,10
845,BEGUSARAI,Khudaband,Meghaul,Ruhi,02-Apr-17,14
846,BEGUSARAI,Khudaband,Meghaul,Anand,31-Jan-17,11
847,BEGUSARAI,Khudaband,Meghaul,Harsh,31-Jan-17,10
848,BEGUSARAI,Khudaband,Bariarpur,Amol,18-Mar-17,14
849,BEGUSARAI,Khudaband,Meghaul,Rishav,09-Nov-17,11
850,BEGUSARAI,Khudaband,Khodawand,Nandani,05-Apr-17,12
851,BEGUSARAI,Khudaband,Daulatpur,Gauri,28-Sep-16,14
852,BEGUSARAI,Khudaband,Daulatpur,Shanti,29-Sep-16,12
853,BEGUSARAI,Khudaband,Tetrahi,Sonakshi,19-Aug-17,11
854,BEGUSARAI,Khudaband,Mohanpur,Jyoti11082017,11-Aug-17,11
855,BEGUSARAI,Khudaband,Tetrahi,Raunak,19-Aug-17,11
856,BEGUSARAI,Khudaband,Begampur,Ganga,21-Aug-17,10
857,BEGUSARAI,Khudaband,Daulatpur,Rani,02-May-17,12
858,BEGUSARAI,Khudaband,Sagi,Mahaveer,16-Aug-15,12
859,BEGUSARAI,Khudaband,Sagi,Jay Maa,02-Feb-18,11
860,BEGUSARAI,Khudaband,Sagi,Lakshmi,19-Aug-17,10
861,BEGUSARAI,Khudaband,Khodawand,Radhika,19-Aug-17,13
862,BEGUSARAI,Khudaband,Meghaul,Gauri,21-Aug-17,13
863,BEGUSARAI,Khudaband,Khodawand,Radha,21-Aug-17,13
864,BEGUSARAI,Khudaband,Meghaul,Mahi,19-Aug-17,10
865,BEGUSARAI,Khudaband,Phaphot,Mohit,19-Aug-17,10
866,BEGUSARAI,Khudaband,Sagi,Jyoti,27-Jul-17,12
867,BEGUSARAI,Khudaband,Tetrahi,Aliya,06-Sep-17,11
1,JAMUI,Islamnagar,Dighaut,Jay mata di,23-Sep-14,12
2,JAMUI,Islamnagar,Bardih,Indira Gandhi,30-Nov-14,12
3,JAMUI,Islamnagar,Dighaut,Gauri,17-Oct-14,12
4,JAMUI,Islamnagar,Dighaut,Shivam311020,31-Oct-14,10
5,JAMUI,Islamnagar,Mirzaganj,Laxmi,31-Mar-14,12
6,JAMUI,Islamnagar,Dighaut,Radha,23-Nov-14,14
7,JAMUI,Islamnagar,Pursanda,Mahaveer 25-,25-Dec-14,12
8,JAMUI,Islamnagar,Dighaut,Durgrani2811,28-Nov-14,12
9,JAMUI,Islamnagar,Dighaut,Chamali,25-Nov-14,12
10,JAMUI,Islamnagar,Dighaut,Gulab,27-Feb-14,12
11,JAMUI,Islamnagar,Pursanda,Vandhan,03-Feb-15,12
12,JAMUI,Islamnagar,Bardih,Raushani,02-Sep-20,13
13,JAMUI,Islamnagar,Mirzaganj,Chand,09-Mar-13,13
14,JAMUI,Islamnagar,Bardih,Vishnu,05-Mar-14,11
15,JAMUI,Islamnagar,Bardih,Peepal,05-Mar-14,13
16,JAMUI,Islamnagar,Mirzaganj,Tanisha,16-Aug-17,12
17,JAMUI,Islamnagar,Dighaut,Maharani,07-Jan-15,12
18,JAMUI,Islamnagar,Pursanda,Krishna,15-Apr-21,10
19,JAMUI,Islamnagar,Gahlaur,Sarswati26420,26-Apr-14,12
20,JAMUI,Islamnagar,Sundar Badh,Khwaja Garib,06-Mar-14,14
21,JAMUI,Islamnagar,Balda,Gulab,15-Sep-14,11
22,JAMUI,Islamnagar,Pursanda,Shree,10-Jan-15,13
23,JAMUI,Islamnagar,Mirzaganj,Anisha,15-Aug-17,12
24,JAMUI,Islamnagar,Mohammadp,Kamal,26-Sep-14,10
25,JAMUI,Islamnagar,Pursanda,Kalyani02011,01-Feb-15,11
26,JAMUI,Islamnagar,Mohammadp,Suryamukhi,30-Jun-14,10
27,JAMUI,Islamnagar,Bardih,Shankar,06-Mar-14,12
28,JAMUI,Islamnagar,Bardih,Ganga,06-Mar-14,12
29,JAMUI,Islamnagar,Bardih,Saraswati,06-Mar-14,11
30,JAMUI,Islamnagar,Mirzaganj,Sankar,11-Mar-14,12
31,JAMUI,Islamnagar,Pursanda,Sarasvati,03-Feb-15,14
32,JAMUI,Islamnagar,Mohammadp,Prakash,30-Jun-14,13
33,JAMUI,Islamnagar,Dighaut,Azad,07-Mar-14,13
34,JAMUI,Islamnagar,Dighaut,Devi maa,07-Jan-15,12
35,JAMUI,Islamnagar,Dighaut,Bajranjbali,01-Mar-14,13
36,JAMUI,Islamnagar,Dighaut,Ganga,12-Mar-14,12
37,JAMUI,Islamnagar,Dighaut,Lakshmi,27-Feb-14,13
38,JAMUI,Islamnagar,Mohammadp,Raj,27-Jun-14,13
39,JAMUI,Islamnagar,Mirzaganj,sarswati,10-Mar-14,13
40,JAMUI,Islamnagar,Sundar Badh,Maa Bhagbati,03-Mar-14,15
41,JAMUI,Islamnagar,Bardih,Gulab 7-3-14,07-Mar-14,12
42,JAMUI,Islamnagar,Mirzaganj,Mumtaj,18-Oct-14,13
43,JAMUI,Islamnagar,Dighaut,Ganesh,28-Feb-14,12
44,JAMUI,Islamnagar,Dighaut,Sarswati,27-Feb-14,13
45,JAMUI,Islamnagar,Dighaut,Chandrmukhi,02-Mar-14,13
46,JAMUI,Islamnagar,Dighaut,Parwati,02-Mar-14,13
47,JAMUI,Islamnagar,Dighaut,Kamal,01-Mar-14,12
48,JAMUI,Islamnagar,Dighaut,Devi,02-Mar-14,12
49,JAMUI,Islamnagar,Pursanda,Laxmi,28-Feb-14,12
50,JAMUI,Islamnagar,Gahlaur,Gauri,07-Apr-21,11
51,JAMUI,Islamnagar,Pursanda,Gulab,03-Feb-15,14
52,JAMUI,Islamnagar,Gahlaur,Santoshi,09-Jun-21,12
53,JAMUI,Islamnagar,Pursanda,Om Ganesh,30-Jan-15,13
54,JAMUI,Islamnagar,Pursanda,Shivganga,29-Aug-14,12
55,JAMUI,Islamnagar,Aliganj,Durga,15-Jul-16,11
56,JAMUI,Islamnagar,Pursanda,Bhagwati,26-Sep-14,12
57,JAMUI,Islamnagar,Pursanda,Parwati,27-Sep-14,12
58,JAMUI,Islamnagar,Pursanda,Shivam,28-Sep-14,13
59,JAMUI,Islamnagar,Pursanda,Santoshi,08-Sep-14,12
60,JAMUI,Islamnagar,Pursanda,ShivCharcha,10-Sep-14,11
61,JAMUI,Islamnagar,Sundar Badh,Sain Baba,06-Aug-14,13
62,JAMUI,Islamnagar,Pursanda,Maharani,01-Mar-14,13
63,JAMUI,Islamnagar,Pursanda,Kranti,04-Mar-14,10
64,JAMUI,Islamnagar,Pursanda,Sita Samuh,27-Jan-15,13
65,JAMUI,Islamnagar,Pursanda,Sita,03-Mar-14,14
66,JAMUI,Islamnagar,Bardih,Durgaa,07-Mar-14,12
67,JAMUI,Islamnagar,Pursanda,Ganpati,10-Mar-14,14
68,JAMUI,Islamnagar,Bardih,Kali,08-Mar-14,12
69,JAMUI,Islamnagar,Bardih,Beli,08-Mar-14,12
70,JAMUI,Islamnagar,Bardih,Kamal,08-Mar-14,12
71,JAMUI,Islamnagar,Pursanda,Kali Ji,04-Mar-14,12
72,JAMUI,Islamnagar,Pursanda,Brihaspati,04-Mar-14,12
73,JAMUI,Islamnagar,Pursanda,Durga,28-Feb-14,13
74,JAMUI,Islamnagar,Mirzaganj,Hena,20-Nov-14,12
75,JAMUI,Islamnagar,Pursanda,Radha,28-Feb-14,13
76,JAMUI,Islamnagar,Mohanpur,Ganga,27-Jan-14,14
77,JAMUI,Islamnagar,Danr,Durga,05-Nov-21,11
78,JAMUI,Islamnagar,Mohanpur,Sita,19-Feb-14,13
79,JAMUI,Islamnagar,Mohanpur,Maa Laxmi,07-Feb-14,14
80,JAMUI,Islamnagar,Kolhna,Saswati,26-Jan-15,11
81,JAMUI,Islamnagar,Mohanpur,Maa kali,21-Feb-14,13
82,JAMUI,Islamnagar,Pursanda,Nirankari,04-Mar-14,11
83,JAMUI,Islamnagar,Mohanpur,maa Durga,28-Feb-14,14
84,JAMUI,Islamnagar,Mohanpur,Ram,16-Feb-14,15
85,JAMUI,Islamnagar,Mohanpur,Pan,08-May-14,12
86,JAMUI,Islamnagar,Danr,Kali,05-Nov-21,10
87,JAMUI,Islamnagar,Mohanpur,Ujala,10-Sep-14,12
88,JAMUI,Islamnagar,Mohanpur,Gauri,09-Sep-14,12
89,JAMUI,Islamnagar,Mohanpur,Jwala,20-Nov-14,14
90,JAMUI,Islamnagar,Dighaut,Ganpati,02-Mar-14,14
91,JAMUI,Islamnagar,Mohanpur,Kuwer,20-Nov-14,11
92,JAMUI,Islamnagar,Dighaut,Jay Durga,28-Feb-14,13
93,JAMUI,Islamnagar,Mohanpur,Pratibha,14-Jan-15,10
94,JAMUI,Islamnagar,Dighaut,Santoshi,03-Mar-14,14
95,JAMUI,Islamnagar,Dighaut,Shanker,02-Mar-14,13
96,JAMUI,Islamnagar,Dighaut,Har har,01-Mar-14,12
97,JAMUI,Islamnagar,Kaiar,Radha,17-Dec-14,12
98,JAMUI,Islamnagar,Pursanda,Shivshakti,03-Mar-14,13
99,JAMUI,Islamnagar,Kolhna,Khushbu,26-Jan-15,12
100,JAMUI,Islamnagar,Pursanda,Radha,26-Jan-15,14
101,JAMUI,Islamnagar,Kolhna,Laxmi,25-Jan-15,11
102,JAMUI,Islamnagar,Gahlaur,Vishnu,09-Mar-14,14
103,JAMUI,Islamnagar,Islamnagar,Hanuman,02-Mar-14,13
104,JAMUI,Islamnagar,Mirzaganj,Kajal,13-Aug-17,13
105,JAMUI,Islamnagar,Kaiar,Godawri,16-Dec-14,13
106,JAMUI,Islamnagar,Mandra,Parwati,24-Jun-14,12
107,JAMUI,Islamnagar,Kolhna,Radha,09-Feb-15,11
108,JAMUI,Islamnagar,Mandra,Rajani,20-Sep-16,12
109,JAMUI,Islamnagar,Islamnagar,Mumtaz,01-Sep-14,11
110,JAMUI,Islamnagar,Mandra,Pushpa,21-Sep-16,11
111,JAMUI,Islamnagar,Mandra,Jagritee,26-Jun-16,11
112,JAMUI,Islamnagar,Kolhna,Sawitri,07-Feb-15,12
113,JAMUI,Islamnagar,Islamnagar,Jagriti,02-Sep-14,12
114,JAMUI,Islamnagar,Kaiar,Ganga,24-Sep-14,12
115,JAMUI,Islamnagar,Aliganj,Vishahari,02-Feb-15,12
116,JAMUI,Islamnagar,Islamnagar,Khushbu,31-Mar-14,13
117,JAMUI,Islamnagar,Kolhna,Kamal,03-Feb-15,12
118,JAMUI,Islamnagar,Parsa,Gulab20/02/2,20-Feb-15,12
119,JAMUI,Islamnagar,Parsa,Radha19/02,19-Feb-15,12
120,JAMUI,Islamnagar,Parsa,Tulsi19/02,19-Feb-15,12
121,JAMUI,Islamnagar,Parsa,Komal16/02,16-Feb-15,13
122,JAMUI,Islamnagar,Parsa,Laxmi16/02,16-Feb-15,12
123,JAMUI,Islamnagar,Parsa,Mahrani18/02,18-Feb-15,12
124,JAMUI,Islamnagar,Parsa,Kali18/02,18-Feb-15,13
125,JAMUI,Islamnagar,Islamnagar,Ujala,24-Mar-14,12
126,JAMUI,Islamnagar,Kolhna,Saheli,19-Feb-15,12
127,JAMUI,Islamnagar,Mirzaganj,Payal,16-Aug-17,12
128,JAMUI,Islamnagar,Islamnagar,Surya,27-Mar-14,10
129,JAMUI,Islamnagar,Kaiar,Gaytri,27-Sep-14,13
130,JAMUI,Islamnagar,Pursanda,Om,25-Jan-15,12
131,JAMUI,Islamnagar,Islamnagar,Suhana,27-Mar-14,12
132,JAMUI,Islamnagar,Kolhna,Jyoti,19-Jan-16,10
133,JAMUI,Islamnagar,Parsa,Parvati13/02,13-Feb-15,12
134,JAMUI,Islamnagar,Parsa,Sita13/02,13-Feb-15,12
135,JAMUI,Islamnagar,Parsa,Ganesh20/02,20-Feb-15,10
136,JAMUI,Islamnagar,Markanwan,gulab,19-Aug-14,10
137,JAMUI,Islamnagar,Kaiar,Suraj,06-Sep-14,12
138,JAMUI,Islamnagar,Islamnagar,Sarswati,01-Mar-14,12
139,JAMUI,Islamnagar,Darkha,Gayatri,25-Nov-14,12
140,JAMUI,Islamnagar,Islamnagar,Ganesh,06-Mar-14,13
141,JAMUI,Islamnagar,Kaiar,Devi,08-Sep-14,12
142,JAMUI,Islamnagar,Islamnagar,Akanchha,05-Mar-14,13
143,JAMUI,Islamnagar,Islamnagar,Vishnu,03-Mar-14,15
144,JAMUI,Islamnagar,Sanpo,Kali,30-Jan-15,12
145,JAMUI,Islamnagar,Darkha,Shankar,08-Nov-14,10
146,JAMUI,Islamnagar,Islamnagar,Parwati,04-Mar-14,13
147,JAMUI,Islamnagar,Sahora,Shri Mahadev,22-Feb-14,15
148,JAMUI,Islamnagar,Kaiar,Prawati,09-Sep-14,12
149,JAMUI,Islamnagar,Tetaria,Kanchan,18-Jun-20,11
150,JAMUI,Islamnagar,Islamnagar,Ram,01-Mar-14,11
151,JAMUI,Islamnagar,Islamnagar,Anjani,03-Mar-14,13
152,JAMUI,Islamnagar,Islamnagar,Yamuna,02-Mar-14,13
153,JAMUI,Islamnagar,Markanwan,kadam,09-Jul-14,12
154,JAMUI,Islamnagar,Islamnagar,Indra,02-Mar-14,13
155,JAMUI,Islamnagar,Islamnagar,Krishna,07-Mar-14,13
156,JAMUI,Islamnagar,Sagawan,Vishnu,14-Feb-14,12
157,JAMUI,Islamnagar,Islamnagar,Jay Mata Di,08-Mar-14,13
158,JAMUI,Islamnagar,Dhanawan,Jayganga,31-Jan-14,12
159,JAMUI,Islamnagar,Islamnagar,Mamta,25-Mar-17,13
160,JAMUI,Islamnagar,Sagawan,Parwati,18-Feb-14,11
161,JAMUI,Islamnagar,Islamnagar,Chameli,03-Mar-14,10
162,JAMUI,Islamnagar,Islamnagar,Radhekrishna,02-Mar-14,13
163,JAMUI,Islamnagar,Dhanawan,Shiv,25-Jan-14,12
164,JAMUI,Islamnagar,Islamnagar,Radheshyam,02-Mar-14,12
165,JAMUI,Islamnagar,Sagawan,Gulab,17-Feb-14,14
166,JAMUI,Islamnagar,Dhanawan,Bajrangbali,15-Jan-14,11
167,JAMUI,Islamnagar,Mohanpur,Shivgauri,27-Jan-14,14
168,JAMUI,Islamnagar,Dhanawan,Lakshmi,14-Feb-14,15
169,JAMUI,Islamnagar,Dhanawan,Gangotri,14-Feb-14,13
170,JAMUI,Islamnagar,Dhanawan,Durga,13-Feb-14,12
171,JAMUI,Islamnagar,Dhanawan,Saraswati,23-Apr-14,11
172,JAMUI,Islamnagar,Mohanpur,Maa Parvati,03-Mar-14,11
173,JAMUI,Islamnagar,Dhanawan,Raja,22-Mar-14,12
174,JAMUI,Islamnagar,Darkha,Ram,12-Nov-14,13
175,JAMUI,Islamnagar,Dhanawan,Kamal,17-Feb-14,11
176,JAMUI,Islamnagar,Mohanpur,Chameli,22-Mar-14,11
177,JAMUI,Islamnagar,Islamnagar,Dilkhush,12-Apr-14,13
178,JAMUI,Islamnagar,Markanwan,Chameli,10-Dec-21,13
179,JAMUI,Islamnagar,Dhanawan,Taj 27-2-,27-Feb-14,13
180,JAMUI,Islamnagar,Islamnagar,Radhika,23-Mar-14,14
181,JAMUI,Islamnagar,Islamnagar,Ganga,03-Mar-14,13
182,JAMUI,Islamnagar,Darkha,Juhi,08-Mar-14,11
183,JAMUI,Islamnagar,Sagawan,Santoshi,02-Apr-14,12
184,JAMUI,Islamnagar,Dhanawan,Kali,25-Feb-14,12
185,JAMUI,Islamnagar,Islamnagar,Shankar,28-Feb-14,12
186,JAMUI,Islamnagar,Darkha,Parwati,01-Mar-14,11
187,JAMUI,Islamnagar,Islamnagar,Shivguru,28-Feb-14,12
188,JAMUI,Islamnagar,Sagawan,Devi,09-Apr-14,12
189,JAMUI,Islamnagar,Sahora,Tulsi,15-Feb-14,10
190,JAMUI,Islamnagar,Sanpo,Durga,31-Jan-15,12
191,JAMUI,Islamnagar,Dhanawan,Ganesh,25-Feb-14,10
192,JAMUI,Islamnagar,Islamnagar,Malakar,01-Mar-14,14
193,JAMUI,Islamnagar,Islamnagar,Muskan,05-Mar-14,13
194,JAMUI,Islamnagar,Darkha,Sarswati,08-Feb-14,13
195,JAMUI,Islamnagar,Mandra,Tulsi,30-Jun-14,22
196,JAMUI,Islamnagar,Sagawan,Juhi,21-Apr-14,13
197,JAMUI,Islamnagar,Dhanawan,Mahadev,23-Feb-14,13
198,JAMUI,Islamnagar,Darkha,Laxmi,06-Feb-14,14
199,JAMUI,Islamnagar,Dhanawan,Maharani,30-Aug-14,10
200,JAMUI,Islamnagar,Sagawan,Kushum,02-Aug-14,13
201,JAMUI,Islamnagar,Islamnagar,Janak,28-Feb-14,12
202,JAMUI,Islamnagar,Dhanawan,Vaishanavi,28-Aug-14,14
203,JAMUI,Islamnagar,Mandra,Shankar,26-Jun-14,12
204,JAMUI,Islamnagar,Islamnagar,Gayatri Mata,05-Sep-14,13
205,JAMUI,Islamnagar,Sagawan,Nirala,12-Sep-14,13
206,JAMUI,Islamnagar,Darkha,Parwati,24-Jan-14,12
207,JAMUI,Islamnagar,Sanpo,Varma Jitika,31-Jan-15,12
208,JAMUI,Islamnagar,Islamnagar,Jayshri,04-Apr-14,12
209,JAMUI,Islamnagar,Sahora,Hanuman,10-Feb-14,13
210,JAMUI,Islamnagar,Sagawan,Phool,25-Sep-14,13
211,JAMUI,Islamnagar,Dhanawan,Uma 22-12-,22-Dec-14,13
212,JAMUI,Islamnagar,Islamnagar,Juhi,02-Apr-14,12
213,JAMUI,Islamnagar,Islamnagar,Satyam,14-Nov-14,12
214,JAMUI,Islamnagar,Sagawan,Khushi,12-Sep-14,13
215,JAMUI,Islamnagar,Islamnagar,Shankar,21-Jan-15,10
216,JAMUI,Islamnagar,Darkha,Durga,17-Feb-14,11
217,JAMUI,Islamnagar,Sahora,Shankar,13-Feb-14,13
218,JAMUI,Islamnagar,Dhanawan,Rajmata 30-,30-Dec-14,14
219,JAMUI,Islamnagar,Sagawan,Rani,17-Nov-14,14
220,JAMUI,Islamnagar,Islamnagar,Bhola,03-Mar-14,11
221,JAMUI,Islamnagar,Dhanawan,Shanti 16/12-,16-Dec-14,10
222,JAMUI,Islamnagar,Sanpo,Sagar,19-Feb-17,11
223,JAMUI,Islamnagar,Darkha,Devi,31-Jan-14,13
224,JAMUI,Islamnagar,Islamnagar,Surya,02-Feb-15,11
225,JAMUI,Islamnagar,Sagawan,Priya,17-Nov-14,11
226,JAMUI,Islamnagar,Sahora,Radha,13-Feb-14,12
227,JAMUI,Islamnagar,Dhanawan,Sanjana 17-,17-Nov-14,12
228,JAMUI,Islamnagar,Chhatiaini,Radha,27-Jun-14,10
229,JAMUI,Islamnagar,Chhatiaini,Sita 29062014,29-Jun-14,12
230,JAMUI,Islamnagar,Chhatiaini,Khushboo,24-Jul-14,11
231,JAMUI,Islamnagar,Chhatiaini,Saraswati,25-Jul-14,10
232,JAMUI,Islamnagar,Sagawan,Neha,27-Jan-15,12
233,JAMUI,Islamnagar,Chhatiaini,Durga,09-Jul-14,10
234,JAMUI,Islamnagar,Chhatiaini,Gayatri,08-Jul-14,12
235,JAMUI,Islamnagar,Chhatiaini,Ganga,09-Jul-14,11
236,JAMUI,Islamnagar,Chhatiaini,Gulab,12-Jul-14,12
237,JAMUI,Islamnagar,Chhatiaini,Muskan,19-Nov-14,13
238,JAMUI,Islamnagar,Dhanawan,Sanskar 17-,16-Mar-15,17
239,JAMUI,Islamnagar,Islamnagar,Mahi,01-Dec-14,11
240,JAMUI,Islamnagar,Dhanawan,Sri Ram,31-Jan-14,11
241,JAMUI,Islamnagar,Islamnagar,Suruchi,06-Dec-14,13
242,JAMUI,Islamnagar,Dhanawan,Janseva 19-,19-Nov-14,12
243,JAMUI,Islamnagar,Sanpo,Parvati,05-Feb-15,12
244,JAMUI,Islamnagar,Islamnagar,Sitaram,02-Mar-14,12
245,JAMUI,Islamnagar,Islamnagar,Gulab,01-Mar-14,13
246,JAMUI,Islamnagar,Islamnagar,Bhola,04-Feb-15,13
247,JAMUI,Islamnagar,Markanwan,Vaishnavi,06-Jan-22,12
248,JAMUI,Islamnagar,Islamnagar,Guru Maharaj,08-Mar-14,12
249,JAMUI,Islamnagar,Manpur,Vishvanath,14-Feb-15,12
250,JAMUI,Islamnagar,Islamnagar,Laxman,01-Mar-14,13
251,JAMUI,Islamnagar,Islamnagar,Gurudev,03-Mar-14,13
252,JAMUI,Islamnagar,Dharampur,Kabir,26-Nov-16,12
253,JAMUI,Islamnagar,Manpur,Mahadev,14-Feb-15,12
254,JAMUI,Islamnagar,Darkha,Kamal,28-Feb-14,12
255,JAMUI,Islamnagar,Darkha,Shiv,05-Mar-14,13
256,JAMUI,Islamnagar,Darkha,Sita,04-Mar-14,12
257,JAMUI,Islamnagar,Darkha,Radha,04-Mar-14,14
258,JAMUI,Islamnagar,Islamnagar,Shitla,05-Mar-14,13
259,JAMUI,Islamnagar,Darkha,Beli,04-Mar-14,13
260,JAMUI,Islamnagar,Darkha,Ma Durga,05-Mar-14,13
261,JAMUI,Islamnagar,Sundar Badh,Mumtaj,08-May-14,11
262,JAMUI,Islamnagar,Chaurasa,Santoshi,13-Sep-14,12
263,JAMUI,Islamnagar,Darkha,Gulab,06-Mar-14,12
264,JAMUI,Islamnagar,Chaurasa,Maharani,12-Sep-14,12
265,JAMUI,Islamnagar,Dinnagar,Vikash,17-Jul-14,13
266,JAMUI,Islamnagar,Parsanwan,Shankar,11-Sep-14,12
267,JAMUI,Islamnagar,Darkha,Jay Ma,09-Mar-14,12
268,JAMUI,Islamnagar,Chaurasa,Tulsi,15-Dec-14,11
269,JAMUI,Islamnagar,Chaurasa,Kali,10-Sep-14,12
270,JAMUI,Islamnagar,Chhatiaini,Bhawani,09-Nov-20,10
271,JAMUI,Islamnagar,Darkha,Vaishnavi,06-Mar-14,12
272,JAMUI,Islamnagar,Chaurasa,Gaytri,10-Sep-14,12
273,JAMUI,Islamnagar,Bara,Bhagwati,16-Feb-15,12
274,JAMUI,Islamnagar,Bara,Shankar,16-Feb-15,12
275,JAMUI,Islamnagar,Bara,Shanti,18-Feb-15,12
276,JAMUI,Islamnagar,Bara,Chanda,16-Feb-15,12
277,JAMUI,Islamnagar,Mandra,Suraj,18-Jul-14,13
278,JAMUI,Islamnagar,Islamnagar,Sharda,28-Mar-14,12
279,JAMUI,Islamnagar,Islamnagar,Hariom,22-Mar-14,13
280,JAMUI,Islamnagar,Islamnagar,Udham,04-Mar-14,10
281,JAMUI,Islamnagar,Islamnagar,Rajnigandha,04-Mar-14,11
282,JAMUI,Islamnagar,Islamnagar,Sristi,08-Mar-14,12
283,JAMUI,Islamnagar,Islamnagar,Narad,10-Mar-14,14
284,JAMUI,Islamnagar,Kaiar,Shivguru,09-Sep-14,13
285,JAMUI,Islamnagar,Kaiar,Laxmi,06-Sep-14,13
286,JAMUI,Islamnagar,Kaiar,Saraswati,09-Sep-14,13
287,JAMUI,Islamnagar,Kaiar,Puja,08-Sep-14,12
288,JAMUI,Islamnagar,Kaiar,Ganesh,10-Sep-14,12
289,JAMUI,Islamnagar,Kaiar,Chameli,11-Sep-14,12
290,JAMUI,Islamnagar,Kaiar,Gulab,12-Sep-14,11
291,JAMUI,Islamnagar,Islamnagar,Rani,24-Oct-14,11
292,JAMUI,Islamnagar,Islamnagar,Chand,10-Nov-14,12
293,JAMUI,Islamnagar,Islamnagar,Jhula,12-Nov-14,11
294,JAMUI,Islamnagar,Mahna,Laxmi,22-Apr-14,14
295,JAMUI,Islamnagar,Mahna,Sarswati,14-Apr-14,12
296,JAMUI,Islamnagar,Mandra,Ganesh,26-Jun-14,11
297,JAMUI,Islamnagar,Mandra,Laxmi,25-Jun-14,12
298,JAMUI,Islamnagar,Balda,Kamal,15-Feb-14,10
299,JAMUI,Islamnagar,Balda,Parvati,28-Feb-14,14
300,JAMUI,Islamnagar,Balda,Jankalyan,28-Feb-14,12
301,JAMUI,Islamnagar,Balda,Sita 05032014,05-Mar-14,13
302,JAMUI,Islamnagar,Balda,Chameli,09-Mar-14,10
303,JAMUI,Islamnagar,Balda,Ambe,12-Mar-14,11
304,JAMUI,Islamnagar,Balda,Krishna,08-Mar-14,12
305,JAMUI,Islamnagar,Balda,Vaishno,04-Mar-14,15
306,JAMUI,Islamnagar,Balda,Laxmi,03-Mar-14,14
307,JAMUI,Islamnagar,Balda,Saraswati,19-Feb-14,10
308,JAMUI,Islamnagar,Risdih,Durga,13-Jan-22,12
309,JAMUI,Islamnagar,Balda,Sri Hari,20-Mar-14,12
310,JAMUI,Islamnagar,Balda,Shitla,21-Nov-14,10
311,JAMUI,Islamnagar,Balda,Ganga1411,14-Nov-14,11
312,JAMUI,Islamnagar,Balda,Tara,27-Jan-15,12
313,JAMUI,Islamnagar,Balda,Kali 18092014,18-Sep-14,12
314,JAMUI,Islamnagar,Jhanjhri,Atma,17-Nov-14,12
315,JAMUI,Islamnagar,Jhanjhri,Asha,26-Nov-14,11
316,JAMUI,Islamnagar,Jhanjhri,Om,07-Mar-14,14
317,JAMUI,Islamnagar,Jhanjhri,Chandrama07,07-Mar-14,13
318,JAMUI,Islamnagar,Jhanjhri,Kabir,07-Mar-14,14
319,JAMUI,Islamnagar,Kodwaria,Pragya,17-Jan-21,11
320,JAMUI,Islamnagar,Kodwaria,Laxmi180920,18-Sep-16,14
321,JAMUI,Islamnagar,Kodwaria,Mahadev,16-Jun-20,11
322,JAMUI,Islamnagar,Kodwaria,Genda,27-Feb-17,12
323,JAMUI,Islamnagar,Kodwaria,Shanakar,12-Mar-14,14
324,JAMUI,Islamnagar,Kodwaria,Durga,15-Jun-20,11
325,JAMUI,Islamnagar,Ram Sagar,Akash,27-Sep-14,11
326,JAMUI,Islamnagar,Kodwaria,Saraswati,02-Mar-14,13
327,JAMUI,Islamnagar,Kodwaria,Kiran1906,04-Mar-14,12
328,JAMUI,Islamnagar,Kodwaria,Beli,27-Feb-17,11
329,JAMUI,Islamnagar,Kodwaria,Satyam,16-Jun-20,10
330,JAMUI,Islamnagar,Ram Sagar,Pragya,06-Mar-14,14
331,JAMUI,Islamnagar,Ram Sagar,Gayatri,05-Mar-14,13
332,JAMUI,Islamnagar,Ram Sagar,Laxmi Bai,07-Mar-14,12
333,JAMUI,Islamnagar,Ram Sagar,Shri Ram,09-Mar-14,14
334,JAMUI,Islamnagar,Ram Sagar,Jagdamba,06-Mar-14,14
335,JAMUI,Islamnagar,Ram Sagar,Hari Om,08-Mar-14,15
336,JAMUI,Islamnagar,Gahlaur,Shiwam,11-Mar-14,15
337,JAMUI,Islamnagar,Ram Sagar,Shivshakti,07-Mar-14,13
338,JAMUI,Islamnagar,Bardih,Chameli,15-Nov-14,10
339,JAMUI,Islamnagar,Gahlaur,Vishwakarma,08-Mar-14,12
340,JAMUI,Islamnagar,Ram Sagar,Laxmi,05-Mar-14,13
341,JAMUI,Islamnagar,Mirzaganj,Hasan Ali,12-Mar-14,12
342,JAMUI,Islamnagar,Bardih,Ganesh,12-Nov-14,12
343,JAMUI,Islamnagar,Sundar Badh,Mahavir,27-Mar-14,11
344,JAMUI,Islamnagar,Magurhar,Kalyani,21-Sep-14,12
345,JAMUI,Islamnagar,Dharampur,Mahabali,06-Mar-17,12
346,JAMUI,Islamnagar,Dharampur,Nishu,16-Sep-17,12
347,JAMUI,Islamnagar,Chaurasa,Saraswati,10-Nov-14,12
348,JAMUI,Islamnagar,Chaurasa,Shambhu,20-Dec-20,11
349,JAMUI,Islamnagar,Chaurasa,Sabuja,20-Sep-14,10
350,JAMUI,Islamnagar,Amba,Khushboo,22-Nov-21,10
351,JAMUI,Islamnagar,Chaurasa,Vishnu,09-Sep-14,10
352,JAMUI,Islamnagar,Parsanwan,Kamal,15-Sep-14,12
353,JAMUI,Islamnagar,Parsanwan,Chandani,18-Sep-14,12
354,JAMUI,Islamnagar,Sanpo,Tulshi110220,11-Feb-15,11
355,JAMUI,Islamnagar,Chaurasa,Shankar,19-Dec-20,12
356,JAMUI,Islamnagar,Chaurasa,Devi,08-Sep-14,12
357,JAMUI,Islamnagar,Amba,Rani,03-Jan-20,12
358,JAMUI,Islamnagar,Chaurasa,Jagdamba,05-Sep-14,12
359,JAMUI,Islamnagar,Chaurasa,Shivguru,04-Sep-14,12
360,JAMUI,Islamnagar,Aliganj,Shivguru,31-Jan-15,12
361,JAMUI,Islamnagar,Aliganj,Chameli,06-Mar-17,13
362,JAMUI,Islamnagar,Aliganj,Jay Mahadev,31-Jan-15,12
363,JAMUI,Islamnagar,Aliganj,Nau Kali,27-Jan-15,10
364,JAMUI,Islamnagar,Aliganj,Vaishnvi 26-,26-Jan-15,12
365,JAMUI,Islamnagar,Aliganj,Vishnu,07-Feb-21,12
366,JAMUI,Islamnagar,Manpur,Muskan,10-Jan-22,10
367,JAMUI,Islamnagar,Aliganj,Maa Saraswati,05-Feb-15,10
368,JAMUI,Islamnagar,Aliganj,Maa Laxmi,03-Feb-15,11
369,JAMUI,Islamnagar,Aliganj,Ganesh,05-Feb-15,12
370,JAMUI,Islamnagar,Aliganj,Champa,03-Mar-17,11
371,JAMUI,Islamnagar,Dhanawan,Gayatri 31-1-,31-Jan-15,13
372,JAMUI,Islamnagar,Islamnagar,Shivam,14-Nov-14,10
373,JAMUI,Islamnagar,Islamnagar,Nishu,21-Nov-14,11
374,JAMUI,Islamnagar,Bara,Santoshi,05-Jul-16,10
375,JAMUI,Islamnagar,Bara,Tara,03-Feb-17,12
376,JAMUI,Islamnagar,Kolhna,Suraj,24-Jan-15,23
377,JAMUI,Islamnagar,Markanwan,Ratrani,11-Jul-14,14
378,JAMUI,Islamnagar,Kolhna,Anand,24-Jan-15,13
379,JAMUI,Islamnagar,Kolhna,Gulab,27-Jan-15,24
380,JAMUI,Islamnagar,Kolhna,Bajrangi,30-Jan-15,12
381,JAMUI,Islamnagar,Uchaunr,Sah,25-Sep-14,12
382,JAMUI,Islamnagar,Markanwan,Shivam,18-Jun-14,14
383,JAMUI,Islamnagar,Islamnagar,Mahalaxmi,17-Jun-20,12
384,JAMUI,Islamnagar,Ram Sagar,Shatrudhan,01-Nov-14,11
385,JAMUI,Islamnagar,Dinnagar,Joya,13-Sep-20,10
386,JAMUI,Islamnagar,Markanwan,Laxmi,19-Aug-14,11
387,JAMUI,Islamnagar,Markanwan,Tulasi,22-Sep-14,11
388,JAMUI,Islamnagar,Kharagpur,Durga28-11,25-Jun-14,12
389,JAMUI,Islamnagar,Kharagpur,Vishnu,24-Jun-14,11
390,JAMUI,Islamnagar,Kharagpur,Champa,01-Dec-20,11
391,JAMUI,Islamnagar,Kharagpur,Chameli,18-Dec-20,10
392,JAMUI,Islamnagar,Kharagpur,Radha,22-Jun-14,10
393,JAMUI,Islamnagar,Kharagpur,Sita,16-Nov-20,12
394,JAMUI,Islamnagar,Kaiar,Kamal22-9,22-Sep-14,14
395,JAMUI,Islamnagar,Kaiar,Gulab22-9,22-Sep-14,12
396,JAMUI,Islamnagar,Aliganj,Parwati,14-Jul-16,10
397,JAMUI,Islamnagar,Kaiar,Jamuna23-9,23-Sep-14,13
398,JAMUI,Islamnagar,Kaiar,Raushani,14-Aug-16,13
399,JAMUI,Islamnagar,Kaiar,Santoshi25-9,26-Sep-14,14
400,JAMUI,Islamnagar,Kolhna,Vaishno,24-Sep-16,15
401,JAMUI,Islamnagar,Kolhna,Gayatri,28-May-15,11
402,JAMUI,Islamnagar,Kolhna,Shiv,28-Jan-15,11
403,JAMUI,Islamnagar,Kolhna,Sawan060220,06-Feb-15,11
404,JAMUI,Islamnagar,Sanpo,Kripalu,09-Jan-22,13
405,JAMUI,Islamnagar,Kaiar,Vinti,30-Oct-15,11
406,JAMUI,Islamnagar,Kaiar,Raunak,08-Oct-15,12
407,JAMUI,Islamnagar,Kaiar,Lusi,24-Apr-15,11
408,JAMUI,Islamnagar,Kaiar,Raushan,21-Aug-17,10
409,JAMUI,Islamnagar,Sahora,Mahi,09-Mar-21,11
410,JAMUI,Islamnagar,Sagawan,Pari,05-Apr-21,10
411,JAMUI,Islamnagar,Sagawan,Mahi,05-Apr-21,11
412,JAMUI,Islamnagar,Sagawan,Muskan,23-Mar-17,12
413,JAMUI,Islamnagar,Mohanpur,Krishna,29-Jan-16,13
414,JAMUI,Islamnagar,Sagawan,Radhika,30-Jan-16,12
415,JAMUI,Islamnagar,Dhanawan,Kiran,08-Jun-15,12
416,JAMUI,Islamnagar,Dhanawan,Jhankar,01-Sep-15,11
417,JAMUI,Islamnagar,Dhanawan,Prajapati,03-Sep-15,11
418,JAMUI,Islamnagar,Dhanawan,Kalyan,20-Apr-15,13
419,JAMUI,Islamnagar,Dhanawan,Sangam,09-Jun-15,12
420,JAMUI,Islamnagar,Dhanawan,Raushan,07-Sep-15,13
421,JAMUI,Islamnagar,Bela,Vishnu,11-Jun-15,11
422,JAMUI,Islamnagar,Bela,Jay Laxmi,10-Jun-15,13
423,JAMUI,Islamnagar,Bela,Vikash,16-Jun-15,12
424,JAMUI,Islamnagar,Bela,Buddh,17-Jun-15,12
425,JAMUI,Islamnagar,Bela,Sugandh,27-Jan-16,12
426,JAMUI,Islamnagar,Bela,Kamal,18-Jun-15,10
427,JAMUI,Islamnagar,Bela,Sagar,15-Jun-15,12
428,JAMUI,Islamnagar,Tetaria,Durga,14-Mar-21,13
429,JAMUI,Islamnagar,Islamnagar,Grawa Baba,07-Jun-15,10
430,JAMUI,Islamnagar,Islamnagar,Pawani 17-,17-Jun-15,10
431,JAMUI,Islamnagar,Islamnagar,Pandit,26-Jun-15,10
432,JAMUI,Islamnagar,Islamnagar,Shiv Sambhu,10-Jun-15,12
433,JAMUI,Islamnagar,Islamnagar,Devi Maa,09-Jun-15,11
434,JAMUI,Islamnagar,Islamnagar,Guru,18-Jun-15,13
1,GAYA,Konch,Raja Bigha,JAY MATA DI,28-Jul-14,12
2,GAYA,Konch,Chobra,Lakshmi,06-Apr-14,12
3,GAYA,Konch,Raja Bigha,Bhawani,09-Jun-14,12
4,GAYA,Konch,Chobra,Gulab,20-Jul-14,13
5,GAYA,Konch,Raja Bigha,Parwati,17-Feb-14,13
6,GAYA,Konch,Bana Bigha,Radha,11-Mar-14,12
7,GAYA,Konch,Bana Bigha,Sarswati,21-Mar-14,11
8,GAYA,Konch,Bana Bigha,Devrani,09-Mar-14,10
9,GAYA,Konch,Raja Bigha,Laxmi,28-Jul-14,12
10,GAYA,Konch,Mangraur,Laxmi,22-Jul-14,14
11,GAYA,Konch,Mangraur,Parwati,30-Jul-14,13
12,GAYA,Konch,Mangraur,Sarswati,30-Jul-14,14
13,GAYA,Konch,Mangraur,Gulab,30-Jul-14,12
14,GAYA,Konch,Mangraur,Vina,06-Aug-14,13
15,GAYA,Konch,Tarari,Chameli,25-Jul-14,14
16,GAYA,Konch,Tarari,Kamal,09-Jun-14,13
17,GAYA,Konch,Tarari,Gulab,16-Jun-14,14
18,GAYA,Konch,Raja Bigha,Shakti,25-Aug-14,24
19,GAYA,Konch,Chobra,Sarswati,25-Aug-14,12
20,GAYA,Konch,Kaithi,Shankar,24-Jul-14,27
21,GAYA,Konch,Kaithi,Durga,24-Jul-14,25
22,GAYA,Konch,Kaithi,Devi,24-Jul-14,10
23,GAYA,Konch,Kaithi,Parwati,24-Jul-14,12
24,GAYA,Konch,Bana Bigha,Santoshi,30-Mar-14,11
25,GAYA,Konch,Bana Bigha,Ganga,26-May-14,12
26,GAYA,Konch,Daurawan,Vikash,25-Aug-14,12
27,GAYA,Konch,Daurawan,Akash,25-Aug-14,13
28,GAYA,Konch,Daurawan,Chameli,25-Aug-14,12
29,GAYA,Konch,Anti,Gulab,10-Jun-14,12
30,GAYA,Konch,Bana Bigha,Sitara,03-May-14,12
31,GAYA,Konch,Chhatihar,Shiv,18-Jun-14,13
32,GAYA,Konch,Chhatihar,Shital,18-Jun-14,12
33,GAYA,Konch,Kaithi,Gulab,02-Aug-14,12
34,GAYA,Konch,Kaithi,Hanuman,28-Aug-14,10
35,GAYA,Konch,Dharahra,Santoshi,17-May-14,10
36,GAYA,Konch,Adai,Durga,02-Apr-14,15
37,GAYA,Konch,Mangraur,Ganesh,27-Sep-14,12
38,GAYA,Konch,Hichhapur,Gulab,23-Aug-14,22
39,GAYA,Konch,Hichhapur,Nisha,23-Aug-14,12
40,GAYA,Konch,Pali,Radha,16-Apr-14,11
41,GAYA,Konch,Pali,Shankar,15-Apr-14,10
42,GAYA,Konch,Pali,Sarswati,20-May-14,14
43,GAYA,Konch,Pali,Parwati,01-Apr-14,13
44,GAYA,Konch,Pali,Gauri,02-Jul-14,15
45,GAYA,Konch,Hichhapur,Bajrang,12-Sep-14,11
46,GAYA,Konch,Koch,Laxmi,10-Oct-14,12
47,GAYA,Konch,Parsanwan,Shankar,28-Jul-14,15
48,GAYA,Konch,Parsanwan,Chandani,12-Mar-14,13
49,GAYA,Konch,Parsanwan,Golden,06-Jun-14,12
50,GAYA,Konch,Parsanwan,Gulab,30-May-14,11
51,GAYA,Konch,Kanaudi,Sant Nirnkari,02-Apr-14,12
52,GAYA,Konch,Kanaudi,Chanchal,16-Apr-14,11
53,GAYA,Konch,Parsanwan,Suraj,04-Jun-14,11
54,GAYA,Konch,Korap,Gulab,04-Sep-14,13
55,GAYA,Konch,Korap,Parwati,20-Feb-14,13
56,GAYA,Konch,Korap,Durga,10-Mar-14,13
57,GAYA,Konch,Korap,Vishnu,10-Mar-14,12
58,GAYA,Konch,Korap,Ganga,10-Feb-14,12
59,GAYA,Konch,Korap,Laxmi,19-Feb-14,13
60,GAYA,Konch,Korap,Kamal,10-Sep-14,12
61,GAYA,Konch,Dihuri,Kamal,19-May-14,13
62,GAYA,Konch,Dihuri,Laxmi,28-Mar-14,13
63,GAYA,Konch,Dihuri,Shiv,28-Mar-14,12
64,GAYA,Konch,Mangraur,Champa,06-Sep-14,12
65,GAYA,Konch,Mangraur,Chameli,11-Sep-14,11
66,GAYA,Konch,Mangraur,Sagun,12-Sep-14,13
67,GAYA,Konch,Mangraur,Vishnu,27-Sep-14,14
68,GAYA,Konch,Mangraur,Durga,06-Sep-14,12
69,GAYA,Konch,Parsanwan,Tara,09-Jul-14,15
70,GAYA,Konch,Parsanwan,Puja,13-Jun-14,14
71,GAYA,Konch,Kurmanwan,Santoshi,11-Jun-14,13
72,GAYA,Konch,Koch,Manju,06-Jun-14,11
73,GAYA,Konch,Kurmanwan,Ganesh,01-Apr-14,13
74,GAYA,Konch,Siari,Durga,06-May-14,13
75,GAYA,Konch,Siari,Sita,28-May-14,12
76,GAYA,Konch,Khabhra,Sarswati,03-Apr-14,12
77,GAYA,Konch,Khabhra,Laxmi,09-Apr-14,14
78,GAYA,Konch,Khabhra,Radha,07-May-14,13
79,GAYA,Konch,Khabhra,Tulshi,05-Mar-14,13
80,GAYA,Konch,Khabhra,Gayatri,14-Feb-14,13
81,GAYA,Konch,Mangraur,Kartik,27-Sep-09,16
82,GAYA,Konch,Balua,Puja,15-Sep-14,12
83,GAYA,Konch,Balua,Arti,15-Sep-14,12
84,GAYA,Konch,Balua,Kamal,15-Sep-14,12
85,GAYA,Konch,Khabhra,Kiran,12-Jun-14,14
86,GAYA,Konch,Khabhra,Ganga,28-May-14,12
87,GAYA,Konch,Khabhra,Sita,15-May-14,14
88,GAYA,Konch,Bana Bigha,Laxmi,07-Mar-14,12
89,GAYA,Konch,Bana Bigha,Puja,07-Mar-14,12
90,GAYA,Konch,Bana Bigha,Durga,06-Mar-14,10
91,GAYA,Konch,Bana Bigha,Devi,26-Mar-14,11
92,GAYA,Konch,Bana Bigha,Mharani,05-Mar-14,13
93,GAYA,Konch,Koch,Janta,22-Dec-14,12
94,GAYA,Konch,Anti,Sarswati,25-Jun-14,13
95,GAYA,Konch,Anti,Durga,18-Jul-14,13
96,GAYA,Konch,Anti,Kamal,07-May-14,13
97,GAYA,Konch,Anti,Sita,07-Jul-14,12
98,GAYA,Konch,Jagdishpur,Mamta,13-Jun-14,12
99,GAYA,Konch,Dhibri,Ali,15-Sep-14,12
100,GAYA,Konch,Dhibri,Hajrat,17-Sep-14,12
101,GAYA,Konch,Dhibri,Shanti,09-May-14,14
102,GAYA,Konch,Shahganj,Devi,21-Apr-14,12
103,GAYA,Konch,Shahganj,Bajrangbali,28-Apr-14,12
104,GAYA,Konch,Shahganj,CHAMELI,23-May-14,13
105,GAYA,Konch,Shahganj,Kali,01-May-14,12
106,GAYA,Konch,Shahganj,Durga,22-Apr-14,13
107,GAYA,Konch,Shahganj,Gyatri,27-Mar-14,12
108,GAYA,Konch,Anti,Radha,19-Jun-14,12
109,GAYA,Konch,Anti,Anchal,07-Jul-14,12
110,GAYA,Konch,Anti,Chandani,17-Jun-14,14
111,GAYA,Konch,Anti,Chameli,02-Jul-14,13
112,GAYA,Konch,Dewra,Hajrat,26-Feb-14,12
113,GAYA,Konch,Dewra,Phatima,26-Feb-14,13
114,GAYA,Konch,Gen Bigha,Shankar,25-Mar-14,11
115,GAYA,Konch,Dewra,Durga,29-Sep-14,13
116,GAYA,Konch,Usas,Sagun,21-Mar-15,10
117,GAYA,Konch,Sarbahada,Durga,12-Aug-14,12
118,GAYA,Konch,Usas,Gyatri,08-Mar-15,12
119,GAYA,Konch,Sarbahada,Sarswati,10-Jan-15,12
120,GAYA,Konch,Koch,Sarswati,19-Jun-15,13
121,GAYA,Konch,Koch,Divya,16-Jun-15,12
122,GAYA,Konch,Koch,Dipika,13-Jun-15,12
123,GAYA,Konch,Gauharpur,Jyoti,01-Sep-14,12
124,GAYA,Konch,Gauharpur,Gulab,29-Oct-14,12
125,GAYA,Konch,Gauharpur,Chameli,08-Sep-14,10
126,GAYA,Konch,Gauharpur,Juhi,29-Sep-14,11
127,GAYA,Konch,Anti,Shivguru,19-Mar-14,13
128,GAYA,Konch,Koch,Puja,07-Feb-15,13
129,GAYA,Konch,Dihuri,Gulab,20-Oct-14,11
130,GAYA,Konch,Dihuri,Shankar,28-Mar-14,15
131,GAYA,Konch,Usas,Savitri,13-Feb-15,12
132,GAYA,Konch,Usas,Sury,13-Feb-15,12
133,GAYA,Konch,Dewra,Laxmi,19-Sep-14,13
134,GAYA,Konch,Usas,Shankar,09-Apr-14,12
135,GAYA,Konch,Dewra,Chameli,10-Sep-14,14
136,GAYA,Konch,Dhibri,Sarswati,28-Mar-14,10
137,GAYA,Konch,Nasirpur,Sarswati,24-Mar-14,13
138,GAYA,Konch,Nasirpur,Ganga,22-Apr-14,12
139,GAYA,Konch,Nasirpur,Shankar,26-Apr-14,13
140,GAYA,Konch,Shahganj,Kamal,22-May-14,13
141,GAYA,Konch,Shahganj,Ujjala,17-Apr-14,13
142,GAYA,Konch,Simra,Krishna,24-Feb-14,14
143,GAYA,Konch,Simra,Sarswati,24-Feb-14,15
144,GAYA,Konch,Simra,Santoshi,24-Feb-14,15
145,GAYA,Konch,Simra,Shankar,24-Feb-14,13
146,GAYA,Konch,Simra,Vishnu,05-Mar-14,12
147,GAYA,Konch,Simra,Radha,12-Mar-14,12
148,GAYA,Konch,Simra,Parwati,03-Mar-14,14
149,GAYA,Konch,Simra,Laxmi,05-Mar-14,12
150,GAYA,Konch,Simra,Durga,26-Feb-14,11
151,GAYA,Konch,Simra,Sarswati17072,17-Jul-14,12
152,GAYA,Konch,Simra,Radhika,18-Aug-14,13
153,GAYA,Konch,Simra,Durga300820,30-Aug-14,12
154,GAYA,Konch,Simra,Sarswato0909,09-Sep-14,13
155,GAYA,Konch,Simra,Shivguru,24-Sep-14,11
156,GAYA,Konch,Korap,Sarswati,19-Feb-14,11
157,GAYA,Konch,Korap,Sita,20-Feb-14,13
158,GAYA,Konch,Korap,Saheli,19-Sep-14,14
159,GAYA,Konch,Korap,Champa,12-Sep-14,23
160,GAYA,Konch,Dewra,Veshno,23-Mar-14,10
161,GAYA,Konch,Dewra,Durga,29-Sep-14,11
162,GAYA,Konch,Dewra,Chanda,24-Nov-14,11
163,GAYA,Konch,Dewra,Suraj,24-Nov-14,10
164,GAYA,Konch,Dewra,Sagar,03-Sep-14,14
165,GAYA,Konch,Dewra,Gulab,16-Jul-14,12
166,GAYA,Konch,Dewra,Genda,17-Jul-14,13
167,GAYA,Konch,Dewra,Bajrangbali,17-Jul-14,13
168,GAYA,Konch,Usas,Kamal,15-Sep-14,13
169,GAYA,Konch,Usas,Laxmi2,10-Jul-14,13
170,GAYA,Konch,Usas,Vaishano,24-Mar-14,13
171,GAYA,Konch,Usas,Chameli 1,12-Sep-14,13
172,GAYA,Konch,Jagdishpur,Tara,30-May-14,12
173,GAYA,Konch,Jagdishpur,Pragati,30-May-14,12
174,GAYA,Konch,Jagdishpur,Devi,23-May-14,13
175,GAYA,Konch,Bana Bigha,Parwati,10-Mar-14,10
176,GAYA,Konch,Koch,Vishnu,10-Oct-14,12
177,GAYA,Konch,Koch,Gyatri,24-Nov-14,10
178,GAYA,Konch,Kurmanwan,Golu,23-Nov-14,12
179,GAYA,Konch,Kurmanwan,Kali,13-Mar-15,13
180,GAYA,Konch,Digghi,Jyoti,15-Sep-14,12
181,GAYA,Konch,Digghi,Laxmi,14-Sep-14,13
182,GAYA,Konch,Koch,Arti,07-Feb-15,12
183,GAYA,Konch,Kaithi,Sita,13-Oct-14,10
184,GAYA,Konch,Anti,Laxmi,22-Apr-15,11
185,GAYA,Konch,Kaithi,Parwati,24-Jul-14,12
186,GAYA,Konch,Kaithi,Saraswati,28-Aug-14,12
187,GAYA,Konch,Tarari,Sita,09-Sep-14,13
188,GAYA,Konch,Baikatpur,Sapna,02-Apr-16,12
189,GAYA,Konch,Baikatpur,Gulab2,19-Aug-15,12
190,GAYA,Konch,Jaitia,Chameli,06-Aug-15,11
191,GAYA,Konch,Makhdumpu,Gauri,17-Sep-15,12
192,GAYA,Konch,Dewra,Suraj,24-Nov-14,12
193,GAYA,Konch,Dewra,Champa,27-Jan-15,12
194,GAYA,Konch,Dewra,Chanda,24-Nov-14,12
195,GAYA,Konch,Dewra,Jagdmwa,07-Aug-15,12
196,GAYA,Konch,Bham,Sarswati,10-Jul-15,13
197,GAYA,Konch,Bham,Soni,04-Apr-15,15
198,GAYA,Konch,Bham,Suraj,02-Mar-15,11
199,GAYA,Konch,Bham,Chandani,02-Mar-15,12
200,GAYA,Konch,Karai,Pami,02-Jul-15,12
201,GAYA,Konch,Karai,Khushi,25-Aug-15,13
202,GAYA,Konch,Karai,Mala,25-Aug-15,12
203,GAYA,Konch,Mangraur,Shankar,21-Jul-14,11
204,GAYA,Konch,Mangraur,Gauri,01-Jan-15,11
205,GAYA,Konch,Pali,Nisha,23-Jul-14,11
206,GAYA,Konch,Pali,Vishanu,14-Dec-14,10
207,GAYA,Konch,Pali,Suraj,19-Nov-14,12
208,GAYA,Konch,Digghi,Kamal,15-Sep-14,12
209,GAYA,Konch,Digghi,Arti,15-Sep-14,10
210,GAYA,Konch,Digghi,Puja,15-Sep-14,10
211,GAYA,Konch,Digghi,Beli,24-Jan-15,12
212,GAYA,Konch,Digghi,Durga,20-Nov-14,13
213,GAYA,Konch,Digghi,Radha,20-Jan-15,12
214,GAYA,Konch,Bhikhanpur,Bhawani,08-Sep-15,12
215,GAYA,Konch,Khabhra,Shantoshi,03-Sep-14,13
216,GAYA,Konch,Khabhra,Jamuna,11-Sep-14,15
217,GAYA,Konch,Koch,Mhalaxmi,01-Jan-15,10
218,GAYA,Konch,Koch,Durga,01-Jan-15,10
219,GAYA,Konch,Dhibri,puja,25-Apr-14,10
220,GAYA,Konch,Dhibri,Jyoti,11-Jun-14,12
221,GAYA,Konch,Dhibri,Guriya,21-May-14,10
222,GAYA,Konch,Dhibri,Durga,18-Jul-14,13
223,GAYA,Konch,Dhibri,Khushbu,26-Jun-14,14
224,GAYA,Konch,Dhibri,Priyanka,29-Apr-14,11
225,GAYA,Konch,Dhibri,Hina,04-Jun-14,13
226,GAYA,Konch,Anti,Muskan,24-Nov-15,10
227,GAYA,Konch,Nighai,Kamal,26-Mar-14,13
228,GAYA,Konch,Nighai,Muskan,17-Sep-14,12
229,GAYA,Konch,Nighai,Khushi,15-Jan-15,13
230,GAYA,Konch,Nighai,Sagar,28-Jan-15,12
231,GAYA,Konch,Nighai,Parwati,12-Jun-15,13
232,GAYA,Konch,Nighai,Sarswati,15-Jan-15,13
233,GAYA,Konch,Nighai,Radha,25-Mar-15,13
234,GAYA,Konch,Nighai,Mahi,30-May-15,13
235,GAYA,Konch,Nighai,Laxmi,10-Jan-15,13
236,GAYA,Konch,Dihuri,Sarswati,11-Dec-15,10
237,GAYA,Konch,Dihuri,Chameli,11-Dec-15,14
238,GAYA,Konch,Dihuri,Sonali,11-Dec-15,10
239,GAYA,Konch,Barai,Chameli,22-Feb-14,13
240,GAYA,Konch,Barai,Devi,22-Aug-14,13
241,GAYA,Konch,Barai,Parwati,22-Aug-14,13
242,GAYA,Konch,Barai,Durga,14-Jun-14,12
243,GAYA,Konch,Barai,Gulab,22-Feb-14,12
244,GAYA,Konch,Barai,Radha,22-Feb-14,12
245,GAYA,Konch,Barai,Laxmi,07-Mar-14,12
246,GAYA,Konch,Barai,Khushabu,14-Jun-14,13
247,GAYA,Konch,Barai,Champa,14-Jun-14,12
248,GAYA,Konch,Barai,Sarswati,14-Jun-14,12
249,GAYA,Konch,Barai,Yshoda,14-Jun-14,12
250,GAYA,Konch,Kaithi,kali,04-Mar-14,11
251,GAYA,Konch,Kaithi,Mata,02-Apr-14,11
252,GAYA,Konch,Kaithi,Chameli,04-Apr-14,11
253,GAYA,Konch,Kaithi,Gauri,01-Apr-14,10
254,GAYA,Konch,Chobra,Sarswati,01-Apr-14,13
255,GAYA,Konch,Chobra,Anjali,01-Apr-14,10
256,GAYA,Konch,Chobra,Sita,01-Apr-14,12
257,GAYA,Konch,Chobra,Radha,05-May-14,14
258,GAYA,Konch,Chobra,Durga,03-Jun-14,12
259,GAYA,Konch,Chobra,Chameli,01-Jun-15,12
260,GAYA,Konch,Chobra,Laxmi 1,01-Sep-14,10
261,GAYA,Konch,Anti,Shardha,05-Jan-15,10
262,GAYA,Konch,Anti,Kamal 2,26-Aug-14,10
263,GAYA,Konch,Anti,Munni,28-Jul-14,10
264,GAYA,Konch,Anti,Gulab2,30-Jul-14,10
265,GAYA,Konch,Usas,Pooja,26-Jun-14,12
266,GAYA,Konch,Usas,Kaweri,14-Apr-15,11
267,GAYA,Konch,Usas,Ganesh,14-Sep-14,10
268,GAYA,Konch,Usas,Kajal,06-Aug-15,12
269,GAYA,Konch,Usas,Gulab 2,12-Feb-15,12
270,GAYA,Konch,Chechaura,Gulab,18-Apr-14,12
271,GAYA,Konch,Chechaura,Ganesh,03-Jun-14,12
272,GAYA,Konch,Chechaura,Sital,29-May-14,13
273,GAYA,Konch,Chechaura,Shakti,22-Apr-14,12
274,GAYA,Konch,Chechaura,Dugra,22-Apr-14,11
275,GAYA,Konch,Chechaura,Ma kali,02-Dec-14,11
276,GAYA,Konch,Chechaura,Puja,26-Mar-15,9
277,GAYA,Konch,Chechaura,Arti,04-Jun-15,12
278,GAYA,Konch,Chechaura,Radha,02-Dec-14,12
279,GAYA,Konch,Raja Bigha,Bihari,10-May-14,14
280,GAYA,Konch,Raja Bigha,Anchal,13-May-14,13
281,GAYA,Konch,Raja Bigha,Aradhna,20-Jan-15,11
282,GAYA,Konch,Raja Bigha,Bandematram,10-Nov-14,11
283,GAYA,Konch,Raja Bigha,Shivam,03-Sep-14,13
284,GAYA,Konch,Raja Bigha,Bandana,25-Dec-14,11
285,GAYA,Konch,Simra,Ganesh,01-Mar-14,10
286,GAYA,Konch,Simra,Shivguru2,01-Mar-14,10
287,GAYA,Konch,Simra,Radhe,03-Mar-14,10
288,GAYA,Konch,Simra,Sita,03-Mar-14,11
289,GAYA,Konch,Simra,Kamal,05-May-14,12
290,GAYA,Konch,Simra,Laxmi2,03-Nov-14,12
291,GAYA,Konch,Adai,Devi,23-May-14,12
292,GAYA,Konch,Adai,Tara,30-May-14,12
293,GAYA,Konch,Adai,Pragati,30-May-14,12
294,GAYA,Konch,Adai,Mamta,13-May-14,10
295,GAYA,Konch,Adai,Radha,14-Sep-14,12
296,GAYA,Konch,Adai,Vishanu,18-Aug-14,11
297,GAYA,Konch,Adai,Laxmi,27-Jul-14,10
298,GAYA,Konch,Adai,Ganesh,21-Apr-15,11
299,GAYA,Konch,Adai,Gulab,04-Jun-15,10
300,GAYA,Konch,Digghi,Ma Devi,09-Apr-15,15
301,GAYA,Konch,Digghi,Sati,09-Apr-15,12
302,GAYA,Konch,Digghi,Juhi,09-Apr-15,13
303,GAYA,Konch,Digghi,Rakhi,29-Oct-15,18
304,GAYA,Konch,Digghi,Deepak,29-Oct-15,13
305,GAYA,Konch,Digghi,Parwati,09-Oct-15,11
306,GAYA,Konch,Digghi,Ganpati,19-Aug-15,10
307,GAYA,Konch,Digghi,Krishna,30-Mar-15,12
308,GAYA,Konch,Digghi,OM Shai,19-Aug-15,12
309,GAYA,Konch,Digghi,Vishanu,26-Sep-15,11
310,GAYA,Konch,Digghi,Sarswati,30-Sep-15,14
311,GAYA,Konch,Digghi,Suraj,08-Apr-15,14
312,GAYA,Konch,Digghi,Ma Laxmi,06-Feb-16,11
313,GAYA,Konch,Digghi,Khushi,15-Aug-15,14
314,GAYA,Konch,Khabhra,Suraj,10-Sep-14,17
315,GAYA,Konch,Tuturkhi,Ganga,26-Apr-14,12
316,GAYA,Konch,Tuturkhi,Durga,26-Apr-14,10
317,GAYA,Konch,Tuturkhi,Santoshi,02-Jan-15,11
318,GAYA,Konch,Tuturkhi,Shivguru,28-Jun-14,12
319,GAYA,Konch,Tuturkhi,Sarswati,06-Sep-14,11
320,GAYA,Konch,Tuturkhi,Shubhlaxmi,06-Apr-15,14
321,GAYA,Konch,Tuturkhi,Raj Laxmi,18-Feb-15,12
322,GAYA,Konch,Tuturkhi,Prathna,10-Nov-14,12
323,GAYA,Konch,Tuturkhi,Savitri,12-Apr-15,10
324,GAYA,Konch,Tuturkhi,Vishnu,16-Apr-15,10
325,GAYA,Konch,Tuturkhi,Parwati,11-Mar-15,10
326,GAYA,Konch,Dewra,Sharda,03-Aug-15,12
327,GAYA,Konch,Anti,Sonali,04-Apr-15,11
328,GAYA,Konch,Anti,Durga 2,09-Jul-15,11
329,GAYA,Konch,Anti,Chameli 2,01-Jan-14,18
330,GAYA,Konch,Anti,Shanti,01-Jan-14,21
331,GAYA,Konch,Anti,Bebi,01-Jan-14,10
332,GAYA,Konch,Simra,Gulab,29-Jan-15,12
333,GAYA,Konch,Shahganj,Laxmi,26-Mar-16,12
334,GAYA,Konch,Usas,Beli,28-Jun-16,13
335,GAYA,Konch,Usas,Mony,02-Jul-15,11
336,GAYA,Konch,Bham,Neha,25-Jun-16,12
337,GAYA,Konch,Anti,Shantoshi,02-Aug-15,11
338,GAYA,Konch,Parsanwan,Radhika,01-Jun-16,12
339,GAYA,Konch,Sirgawan,Gulab,06-Aug-16,15
340,GAYA,Konch,Sirgawan,Chameli,06-Aug-16,13
341,GAYA,Konch,Sirgawan,Beli,07-Aug-16,13
342,GAYA,Konch,Sirgawan,Shiv,02-Aug-16,16
343,GAYA,Konch,Sirgawan,Krishna,04-Aug-16,14
344,GAYA,Konch,Sirgawan,Durga,04-Aug-16,16
345,GAYA,Konch,Sirgawan,Laxmi,04-Aug-16,14
346,GAYA,Konch,Sirgawan,Sita,04-Aug-16,16
347,GAYA,Konch,Sirgawan,Radhika,04-Aug-16,15
348,GAYA,Konch,Sirgawan,Muskan,05-Aug-16,12
349,GAYA,Konch,Simra,Devi,23-Jul-16,12
350,GAYA,Konch,Kunin,Durga,29-Jul-16,13
351,GAYA,Konch,Wahab Chak,Devi Durga,09-Aug-15,12
352,GAYA,Konch,Wahab Chak,Sarswati,13-Aug-15,12
353,GAYA,Konch,Wahab Chak,Vishnu,02-Aug-15,11
354,GAYA,Konch,Wahab Chak,Yamuna,02-Sep-15,12
355,GAYA,Konch,Wahab Chak,Ganga,02-Sep-15,11
356,GAYA,Konch,Tarari,Beli,05-May-15,12
357,GAYA,Konch,Shahganj,Kajal,21-Oct-15,13
358,GAYA,Konch,Shahganj,Nandani,07-Oct-15,13
359,GAYA,Konch,Shahganj,Raushani,02-Apr-15,13
360,GAYA,Konch,Shahganj,Sama,11-Apr-15,11
361,GAYA,Konch,Shahganj,Puja,27-Jun-15,13
362,GAYA,Konch,Koch,Suryamani,18-Nov-16,11
363,GAYA,Konch,Kanaudi,Jan,09-Sep-16,13
364,GAYA,Konch,Koch,Saryu,16-Oct-16,12
365,GAYA,Konch,Bishunathpu,Kanhaiya,03-Feb-15,12
366,GAYA,Konch,Hichhapur,Durga,05-Aug-16,24
367,GAYA,Konch,Chechaura,Juhi,19-Feb-16,12
368,GAYA,Konch,Achuki,Rekha,25-Aug-15,13
369,GAYA,Konch,Achuki,Gyatri,25-Aug-15,13
370,GAYA,Konch,Achuki,Kanchan,25-Aug-15,13
371,GAYA,Konch,Achuki,Kajal,26-Aug-15,12
372,GAYA,Konch,Parsanwan,Parwati,18-Jun-15,11
373,GAYA,Konch,Bhikhanpur,Shobha,01-Apr-16,13
374,GAYA,Konch,Dewra,Shanti,12-Feb-16,12
375,GAYA,Konch,Anti,Roshni,03-Jun-16,12
376,GAYA,Konch,Lodipur,Sarswati,05-Aug-14,11
377,GAYA,Konch,Lodipur,Gulab,23-Jul-14,14
378,GAYA,Konch,Lodipur,Sita,05-Aug-14,11
379,GAYA,Konch,Lodipur,Surbhi,26-Feb-15,12
380,GAYA,Konch,Achuki,Phatma,11-Apr-16,13
381,GAYA,Konch,Achuki,Yshoda,25-May-16,13
382,GAYA,Konch,Achuki,Shanti,11-Apr-16,14
383,GAYA,Konch,Achuki,Laxmi,01-Mar-16,13
384,GAYA,Konch,Dewra,Parwati,05-Feb-16,12
385,GAYA,Konch,Bishunathpu,Radha,20-Jan-15,12
386,GAYA,Konch,Parsanwan,Khushbu,07-May-16,12
387,GAYA,Konch,Chobra,Gita,05-Feb-15,11
388,GAYA,Konch,Addapur,Arti,05-May-09,12
389,GAYA,Konch,Chobra,Neha,10-Oct-13,13
390,GAYA,Konch,Nehura,Sarita,04-Dec-12,11
391,GAYA,Konch,Nehura,Pragati,05-Sep-09,13
392,GAYA,Konch,Anti,Asha WDC,17-Aug-10,12
393,GAYA,Konch,Anti,Raushni WDC,08-Oct-11,13
394,GAYA,Konch,Sinduari,Ankush,13-Oct-15,13
395,GAYA,Konch,Gauharpur,Saroj,23-Sep-17,13
396,GAYA,Konch,Marhuka,Shila WDC,13-Aug-10,10
397,GAYA,Konch,Pali,Mahalaxmi,15-Jan-15,13
398,GAYA,Konch,Marhuka,Shiv WDC,15-Sep-11,10
399,GAYA,Konch,Marhuka,Nitu WDC,25-Aug-10,10
400,GAYA,Konch,Utren,Kusum,10-Aug-11,11
401,GAYA,Konch,Sinduari,Sneha,02-Feb-15,11
402,GAYA,Konch,Bijahra,Arti WDC,11-Aug-11,13
403,GAYA,Konch,Bijahra,Chand WDC,01-Nov-12,16
404,GAYA,Konch,Bijahra,Mhadalit WDC,10-Sep-10,12
405,GAYA,Konch,Bijahra,Renu WDC,15-Sep-08,15
406,GAYA,Konch,Utren,Anita,05-May-05,12
407,GAYA,Konch,Utren,Parwati,02-Dec-09,14
408,GAYA,Konch,Utren,Vina,03-Oct-13,12
409,GAYA,Konch,Utren,Durga,05-Jun-11,13
410,GAYA,Konch,Utren,Rajmanti,10-Aug-15,15
411,GAYA,Konch,Pali,Sanju WDC,25-Jul-07,27
412,GAYA,Konch,Pali,Priti WDC,30-Jul-10,19
413,GAYA,Konch,Chobra,Sudha,01-Jan-15,12
414,GAYA,Konch,Utren,Yamuna,18-Aug-18,14
415,GAYA,Konch,Chobra,Gungun,14-Sep-15,11
416,GAYA,Konch,Nehura,Badhna,17-Nov-12,12
417,GAYA,Konch,Chobra,Laxmi,01-Nov-15,10
418,GAYA,Konch,Chobra,Saweta,02-Jan-15,12
419,GAYA,Konch,Chobra,Khushbu,01-Sep-15,12
420,GAYA,Konch,Chobra,Durga,03-Jan-15,11
421,GAYA,Konch,Chobra,Supriya,01-Nov-15,12
422,GAYA,Konch,Chobra,Neha1/11/20,01-Jan-15,12
423,GAYA,Konch,Bham,Puja,10-Jul-16,13
424,GAYA,Konch,Anti,Gulab1106201,11-Jun-16,11
425,GAYA,Konch,Khawaspur,Parwati,01-Apr-16,12
426,GAYA,Konch,Khawaspur,Durga,01-Apr-16,11
427,GAYA,Konch,Digghi,sury,09-Apr-16,12
428,GAYA,Konch,Digghi,Laxmi602201,06-Feb-16,11
429,GAYA,Konch,Kathutia,Gyanti,04-Mar-16,12
430,GAYA,Konch,Parsanwan,Juhi,06-Jun-16,13
431,GAYA,Konch,Parsanwan,Chandan,03-Jun-16,13
432,GAYA,Konch,Bhikhanpur,Shakti,20-Jun-16,10
433,GAYA,Konch,Wahab Chak,Kanchan,29-Jun-16,14
434,GAYA,Konch,Wahab Chak,Puja,01-Jun-16,11
435,GAYA,Konch,Usas,Shiv,24-Jun-16,12
436,GAYA,Konch,Usas,Kalka,02-Jul-16,12
437,GAYA,Konch,Usas,Upashna,02-Jul-16,12
438,GAYA,Konch,Kunin,Sarswati,07-Jun-16,12
439,GAYA,Konch,Kunin,Laxmi,07-Jun-16,11
440,GAYA,Konch,Kunin,Ganesh,07-Jun-16,12
441,GAYA,Konch,Kunin,Parwati,05-Jul-16,11
442,GAYA,Konch,Kunin,Simpi,25-Jul-16,12
443,GAYA,Konch,Kunin,Pinki,26-Jul-16,12
444,GAYA,Konch,Pakri,Prakash,25-Jun-15,13
445,GAYA,Konch,Pakri,Laxmi,02-Jul-16,12
446,GAYA,Konch,Daurawan,Ankush,16-Jun-16,14
447,GAYA,Konch,Daurawan,Suraj,16-Jul-16,13
448,GAYA,Konch,Daurawan,Nisha,07-Jul-16,12
449,GAYA,Konch,Daurawan,Gyatri,02-Jul-16,12
450,GAYA,Konch,Daurawan,Savitri,18-Jun-16,14
451,GAYA,Konch,Daurawan,Khushbu,23-Jun-16,16
452,GAYA,Konch,Korap,Ganesh,22-Feb-16,12
453,GAYA,Konch,Korap,Parwati,26-May-16,11
454,GAYA,Konch,Korap,Gulab,23-Jul-16,15
455,GAYA,Konch,Khawaspur,Sarswati,01-Apr-16,12
456,GAYA,Konch,Pardhana,Sarswati,25-Jul-16,12
457,GAYA,Konch,Pardhana,Durga,26-Jul-16,11
458,GAYA,Konch,Pardhana,Laxmi,23-Jul-16,12
459,GAYA,Konch,Pardhana,Asha,29-Jul-16,11
460,GAYA,Konch,Pardhana,Rakhi,05-Aug-16,13
461,GAYA,Konch,Pardhana,Krishna,30-Jul-16,10
462,GAYA,Konch,Pardhana,Parwati,30-Jul-16,11
463,GAYA,Konch,Pardhana,Vishnu,02-Aug-16,13
464,GAYA,Konch,Pardhana,Shivani,23-Jul-16,12
465,GAYA,Konch,Chobra,Sarswati,15-Sep-16,13
466,GAYA,Konch,Wahab Chak,Asha,29-Jun-16,11
467,GAYA,Konch,Chobra,Shobha,10-Aug-16,12
468,GAYA,Konch,Chobra,Rakhi,16-Jul-16,12
469,GAYA,Konch,Usas,Mahi,27-Jun-16,11
470,GAYA,Konch,Chobra,Gulab,17-Jul-16,13
471,GAYA,Konch,Chobra,Chand,18-Jul-16,12
472,GAYA,Konch,Chobra,Anjani,21-Jul-16,17
473,GAYA,Konch,Chobra,Shanti,17-Jul-16,12
474,GAYA,Konch,Usas,Ashoka,01-Jul-16,13
475,GAYA,Konch,Kunin,Sweeti,07-May-16,11
476,GAYA,Konch,Baikatpur,Parwati,03-Aug-16,11
477,GAYA,Konch,Shahganj,Ali,25-Apr-16,10
